scenario,policy,policy_label,coverage_frac_mean,energy_per_detection_j_mean,energy_total_j_mean,false_alarm_rate_per_dwell_mean,max_staleness_p1_s_mean,n_unique_detections_mean,poi_60_mean,poi_p1_60_mean,ttfi_p1_median_s_mean,coverage_frac_std,energy_per_detection_j_std,energy_total_j_std,false_alarm_rate_per_dwell_std,max_staleness_p1_s_std,n_unique_detections_std,poi_60_std,poi_p1_60_std,ttfi_p1_median_s_std,coverage_frac_count,energy_per_detection_j_count,energy_total_j_count,false_alarm_rate_per_dwell_count,max_staleness_p1_s_count,n_unique_detections_count,poi_60_count,poi_p1_60_count,ttfi_p1_median_s_count,n_no_detection
agile,round_robin,round robin (fair-tuned),0.00027946003146258,2.4396824339999763,5.999219099999942,0.00090909090909086,56.354,2.8,0.17142857142857137,0.0,60.0,5.439028645420538e-05,0.8172062964241367,0.0,0.00027835110713445943,0.0,1.3038404810405297,0.08144110179279557,0.0,0.0,5,5,5,5,5,5,5,5,5,0
agile,epsilon_greedy,epsilon_greedy,0.00034240612422038,0.6440542285714264,4.780209199999986,0.00103673479574796,60.0,1.4,0.02857142857142856,0.0,60.0,0.0007656433696690069,,0.24450986429242508,0.0007228316116956082,0.0,3.1304951684997055,0.06388765649999396,0.0,0.0,5,1,5,5,5,5,5,5,5,4
agile,index,index (rung 1),0.00446832585792586,0.6622534720952363,5.994753499999985,0.0009773539465840401,28.42662800000001,9.6,0.3857142857142857,0.0,60.0,0.0002995860647990002,0.1817015834904155,0.0032371373248642516,0.0001705175516028697,2.7286088072807573,2.5099800796022267,0.09583148474999098,0.0,0.0,5,5,5,5,5,5,5,5,5,0
dense,round_robin,round robin (fair-tuned),0.00034642173363038,0.5893005819230712,5.999219099999942,0.00090909090909086,56.354,10.8,0.35,0.0,60.0,3.2933836385098486e-05,0.17198479246568044,0.0,0.00027835110713445943,0.0,2.6832815729997477,0.0959238702768445,0.0,0.0,5,5,5,5,5,5,5,5,5,0
dense,epsilon_greedy,epsilon_greedy,0.0013627397161353801,0.34801130835667504,4.800872399999987,0.0008658073560621999,60.0,13.8,0.04999999999999996,0.0,60.0,0.0011671154233104466,0.15765108101456698,0.24055186163216272,0.0006122194001448763,0.0,12.497999839974394,0.04564354645876385,0.0,0.0,5,4,5,5,5,5,5,5,5,1
dense,index,index (rung 1),0.0075588799547144205,0.1915260886496028,5.991056139999979,0.00113344286869504,29.697463999999997,32.0,0.4,0.0,60.0,0.001813554341650457,0.032880857272192886,0.007056522839755664,0.00018493039769183037,2.7985107979834,5.291502622129181,0.08122328620674135,0.0,0.0,5,5,5,5,5,5,5,5,5,0
sparse,round_robin,round robin (fair-tuned),0.00033514204869572,1.739773538999983,5.999219099999942,0.00090909090909086,56.354,3.6,0.4,0.0,60.0,6.460740152353526e-05,0.37143516384098924,0.0,0.00027835110713445943,0.0,0.8944271909999159,0.10458250331675945,0.0,0.0,5,5,5,5,5,5,5,5,5,0
sparse,epsilon_greedy,epsilon_greedy,0.00122527592257694,0.4385698599999993,4.792855399999987,0.00103674120244372,60.0,2.0,0.025,0.0,60.0,0.002739800254075807,,0.2811486993206587,0.0007206295507539395,0.0,4.472135954999579,0.05590169943749475,0.0,0.0,5,1,5,5,5,5,5,5,5,4
sparse,index,index (rung 1),0.0043410740556723195,0.617313956603529,5.99880625999994,0.00068131078922402,56.23193799999996,10.4,0.275,0.0,60.0,0.0012991039168108955,0.1593195684493369,0.001133254321836637,0.00026771573864083304,5.191161661017743,3.361547262794322,0.10458250331675945,0.0,0.0,5,5,5,5,5,5,5,5,5,0
