bw_mhz,dwell_ms,sweep_period_s,n_blocks,scans_per_sweep_s,pred_energy_j,evaluated,reject_reason,poi_10,poi_30,poi_60,poi_p1_60,energy_j,energy_cap_j,scan_span_frac,n_scans,n_unique_detections,energy_per_detection_j,coverage_frac,max_staleness_p1_s,admissible
10.0,10.0,3.0,20,6.666666666666667,5.552,1,,0.375,0.5416666666666666,0.75,0.0,5.5048071000000425,5.826135699999867,0.9976783333333272,400.0,24.333333333333332,0.2287358999576737,0.003473796174997158,2.9900000000000073,1
20.0,5.0,1.0,10,10.0,5.232000000000001,1,,0.4166666666666667,0.5,0.6666666666666666,0.0,5.1913041000000115,5.826135699999867,0.9984316666666763,600.0,24.666666666666668,0.21696692388610464,0.005119502095424063,0.9950000000000152,1
20.0,20.0,3.0,10,3.3333333333333335,5.143999999999998,1,,0.375,0.5833333333333334,0.6666666666666666,0.0,5.098184100000038,5.826135699999867,0.9953483333333399,200.0,26.666666666666668,0.19193693985676538,0.006768299242953025,2.9800000000000395,1
5.0,2.0,2.0,40,20.0,5.633999999999999,1,,0.16666666666666666,0.4166666666666667,0.625,0.0,5.597838600000071,5.826135699999867,0.9992100000000249,1200.0,17.0,0.34215044520577903,0.0010454115530098773,1.998000000000161,1
20.0,10.0,3.0,10,3.3333333333333335,3.144,1,,0.3333333333333333,0.4583333333333333,0.625,0.0,3.118184099999992,5.826135699999867,0.9951816666666655,200.0,20.0,0.15764020812356938,0.0033841834845841604,2.990000000000041,1
20.0,50.0,10.0,10,1.0,3.7632000000000008,1,,0.3333333333333333,0.4583333333333333,0.625,0.0,3.729092100000003,5.826135699999867,0.9841816666666675,60.0,10.666666666666666,0.35219203166666696,0.005404562536942853,9.950000000000031,1
2.0,10.0,15.0,100,6.666666666666667,5.431679999999999,1,,0.125,0.2916666666666667,0.5833333333333334,0.0,5.385452699999962,5.826135699999867,0.9976756666666663,400.0,7.0,0.9111750780302964,0.0005841890234387844,14.990000000000194,1
5.0,5.0,5.0,40,8.0,4.0536,1,,0.2916666666666667,0.5416666666666666,0.5833333333333334,0.0,4.02244259999996,5.826135699999867,0.9980099999999944,480.0,13.666666666666666,0.3314790661111078,0.0008878855642008632,4.995000000000067,1
5.0,20.0,15.0,40,2.6666666666666665,4.151199999999999,1,,0.125,0.3333333333333333,0.5833333333333334,0.0,4.1142666000000165,5.826135699999867,0.9940933333333307,160.0,7.333333333333333,0.6275295521212146,0.0012134086893560694,14.979999999999997,1
10.0,5.0,3.0,20,6.666666666666667,3.552,1,,0.25,0.5,0.5833333333333334,0.0,3.524807100000036,5.826135699999867,0.9975950000000157,400.0,16.333333333333332,0.21655677607843357,0.001737173992051565,2.995000000000111,1
10.0,10.0,5.0,20,4.0,3.5711999999999997,1,,0.25,0.5833333333333334,0.5833333333333334,0.0,3.541415100000011,5.826135699999867,0.9960116666666666,240.0,16.333333333333332,0.21805935569444515,0.0017949112589473995,4.990000000000002,1
10.0,20.0,10.0,20,2.0,3.2856,1,,0.3333333333333333,0.4166666666666667,0.5833333333333334,0.0,3.256871100000001,5.826135699999867,0.9920116666666715,120.0,10.0,0.35325850555555566,0.002176769487049722,9.980000000000139,1
10.0,50.0,15.0,20,1.3333333333333333,4.7904,1,,0.16666666666666666,0.375,0.5833333333333334,0.0,4.746023099999998,5.826135699999867,0.9883450000000001,80.0,7.333333333333333,0.7653219068181815,0.0030502712237673694,14.950000000000003,1
20.0,10.0,5.0,10,2.0,2.1264000000000003,1,,0.20833333333333334,0.5416666666666666,0.5833333333333334,0.0,2.1095600999999955,5.826135699999867,0.9918483333333351,120.0,12.666666666666666,0.17128906794871757,0.0017887780882387613,4.990000000000034,1
20.0,20.0,5.0,10,2.0,3.3263999999999996,1,,0.2916666666666667,0.5416666666666666,0.5833333333333334,0.0,3.2975601000000014,5.826135699999867,0.9920150000000062,120.0,14.666666666666666,0.22899722916666676,0.0035851588905242635,4.980000000000068,1
20.0,20.0,10.0,10,1.0,1.9631999999999996,1,,0.3333333333333333,0.4166666666666667,0.5833333333333334,0.0,1.9470920999999999,5.826135699999867,0.9836816666666698,60.0,9.0,0.2181464297222222,0.002233963256782601,9.980000000000068,1
2.0,5.0,10.0,100,10.0,4.847519999999999,1,,0.3333333333333333,0.4166666666666667,0.5416666666666666,0.0,4.810134299999988,5.826135699999867,0.9984256666666788,600.0,8.333333333333334,0.5853602587301573,0.00050932280249615,9.995000000000143,1
2.0,5.0,15.0,100,6.666666666666667,3.43168,1,,0.125,0.25,0.5416666666666666,0.0,3.4054526999999855,5.826135699999867,0.99759233333335,400.0,6.666666666666667,0.6707709863636335,0.00029209451171950007,14.995000000000566,1
5.0,1.0,2.0,40,20.0,4.434,1,,0.041666666666666664,0.2916666666666667,0.5416666666666666,0.0,4.409838600000044,5.826135699999867,0.9991933333333133,1200.0,9.0,0.5162311059523862,0.0005227057765041149,1.999000000000029,1
5.0,10.0,15.0,40,2.6666666666666665,2.5512,1,,0.125,0.3333333333333333,0.5416666666666666,0.0,2.53026659999999,5.826135699999867,0.9939266666666665,160.0,6.333333333333333,0.43108245777777604,0.0006067043446779388,14.990000000000004,1
10.0,5.0,2.0,20,10.0,5.028,1,,0.3333333333333333,0.4583333333333333,0.5416666666666666,0.0,4.989047100000056,5.826135699999867,0.998428333333336,600.0,20.666666666666668,0.2423099886420624,0.002603180857509183,1.9950000000000276,1
10.0,5.0,5.0,20,4.0,2.3712,1,,0.16666666666666666,0.4583333333333333,0.5416666666666666,0.0,2.3534151000000003,5.826135699999867,0.9959283333333432,240.0,11.333333333333334,0.2145128241702742,0.0008939351400182221,4.9950000000001324,1
10.0,10.0,15.0,20,1.3333333333333333,1.5903999999999998,1,,0.125,0.3333333333333333,0.5416666666666666,0.0,1.5780230999999982,5.826135699999867,0.9876783333333333,80.0,6.333333333333333,0.27761517499999966,0.0006033291539849314,14.990000000000002,1
10.0,20.0,7.5,20,2.6666666666666665,4.1808,1,,0.25,0.4166666666666667,0.5416666666666666,0.0,4.1437191000000135,5.826135699999867,0.9940950000000063,160.0,11.666666666666666,0.35577386212121326,0.002602570520610638,7.480000000000139,1
10.0,20.0,15.0,20,1.3333333333333333,2.3904,1,,0.16666666666666666,0.3333333333333333,0.5416666666666666,0.0,2.3700231000000027,5.826135699999867,0.9878450000000032,80.0,6.666666666666667,0.40817064500000044,0.0012136992868804896,14.980000000000139,1
20.0,5.0,2.0,10,5.0,2.916000000000001,1,,0.25,0.4166666666666667,0.5416666666666666,0.0,2.893964100000002,5.826135699999867,0.996765000000006,300.0,17.333333333333332,0.17158423935574244,0.002580406319092913,1.9950000000000259,1
20.0,5.0,3.0,10,3.3333333333333335,2.1440000000000006,1,,0.20833333333333334,0.4583333333333333,0.5416666666666666,0.0,2.1281841000000066,5.826135699999867,0.9950983333333406,200.0,12.666666666666666,0.17089963227272778,0.0016921256054000776,2.99500000000004,1
20.0,5.0,5.0,10,2.0,1.5264000000000002,1,,0.16666666666666666,0.4583333333333333,0.5416666666666666,0.0,1.5155600999999994,5.826135699999867,0.9917650000000066,120.0,8.333333333333334,0.19327218446969693,0.0008905876870960451,4.9950000000000685,1
20.0,10.0,2.0,10,5.0,4.416,1,,0.375,0.5,0.5416666666666666,0.0,4.378964100000006,5.826135699999867,0.9968483333333413,300.0,24.0,0.18312031690909117,0.005143919418753162,1.9900000000000269,1
20.0,50.0,7.5,10,1.3333333333333333,4.8176000000000005,1,,0.25,0.4583333333333333,0.5416666666666666,0.0,4.7732481000000035,5.826135699999867,0.9883483333333345,80.0,12.666666666666666,0.3833062868181821,0.006041820129518537,7.450000000000035,1
20.0,100.0,15.0,10,0.6666666666666666,4.7088,1,,0.125,0.2916666666666667,0.5416666666666666,0.0,4.664936099999997,5.826135699999867,0.9766816666666673,40.0,6.666666666666667,0.7275078917857138,0.005929215051457532,14.900000000000034,1
1.0,2.0,10.0,200,20.0,5.44776,1,,0.3333333333333333,0.375,0.5,0.0,5.4133472000000245,5.826135699999867,0.9992086666667118,1200.0,7.333333333333333,0.7869402874074111,0.00020823218524633046,9.99800000000085,1
5.0,2.0,5.0,40,8.0,2.6136,1,,0.041666666666666664,0.3333333333333333,0.5,0.0,2.5968426000000178,5.826135699999867,0.9979599999999943,480.0,9.0,0.3358879032478655,0.000355154225680441,4.998000000000069,1
5.0,5.0,10.0,40,4.0,2.3268000000000004,1,,0.25,0.375,0.5,0.0,2.3093106000000008,5.826135699999867,0.995926666666664,240.0,7.333333333333333,0.31615561785714297,0.00048035597525304566,9.995000000000033,1
5.0,10.0,10.0,40,4.0,3.5268,1,,0.3333333333333333,0.4166666666666667,0.5,0.0,3.4973106,5.826135699999867,0.9960099999999997,240.0,9.333333333333334,0.41634649999999995,0.000969004437112697,9.990000000000006,1
10.0,2.0,3.0,20,6.666666666666667,2.352,1,,0.041666666666666664,0.375,0.5,0.0,2.33680709999998,5.826135699999867,0.9975450000000153,400.0,7.0,0.3461936444444415,0.0006940272339336823,2.9980000000001112,1
10.0,10.0,10.0,20,2.0,2.0856,1,,0.25,0.375,0.5,0.0,2.0688711000000017,5.826135699999867,0.9918450000000001,120.0,7.666666666666667,0.2991354750649353,0.0010736340326737426,9.990000000000006,1
20.0,2.0,1.0,10,10.0,3.432,1,,0.16666666666666666,0.4166666666666667,0.5,0.0,3.40930409999995,5.826135699999867,0.9983816666666764,600.0,10.666666666666666,0.3327846368006944,0.002043026681634873,0.9980000000000153,1
20.0,2.0,2.0,10,5.0,2.016,1,,0.125,0.2916666666666667,0.5,0.0,2.002964099999977,5.826135699999867,0.9967150000000059,300.0,7.666666666666667,0.3110663943181783,0.0010370250790227543,1.998000000000026,1
20.0,20.0,7.5,10,1.3333333333333333,2.4175999999999997,1,,0.25,0.375,0.5,0.0,2.397248099999996,5.826135699999867,0.9878483333333375,80.0,11.333333333333334,0.2118779886363633,0.0024380254020703197,7.480000000000068,1
20.0,50.0,15.0,10,0.6666666666666666,2.7088000000000005,1,,0.125,0.2916666666666667,0.5,0.0,2.6849361000000003,5.826135699999867,0.9758483333333339,40.0,6.666666666666667,0.4101985708333334,0.0029412316622933585,14.950000000000031,1
2.0,2.0,5.0,100,20.0,5.49504,1,,0.08333333333333333,0.4166666666666667,0.4583333333333333,0.0,5.460179099999983,5.826135699999867,0.9992090000000452,1200.0,10.0,0.6556881739743569,0.00037612821454434837,4.998000000000424,1
5.0,5.0,15.0,40,2.6666666666666665,1.7512000000000003,1,,0.125,0.2916666666666667,0.4583333333333333,0.0,1.7382666000000124,5.826135699999867,0.9938433333333313,160.0,5.0,0.3724857000000026,0.0003033521723390733,14.995000000000017,1
5.0,10.0,7.5,40,5.333333333333333,4.5024,1,,0.25,0.375,0.4583333333333333,0.0,4.46435459999997,5.826135699999867,0.9970516666666663,320.0,12.0,0.373763953496501,0.0012076150289021016,7.4900000000000055,1
10.0,10.0,7.5,20,2.6666666666666665,2.5808,1,,0.20833333333333334,0.375,0.4583333333333333,0.0,2.5597190999999957,5.826135699999867,0.9939283333333334,160.0,9.666666666666666,0.269546177954545,0.001318157019848434,7.490000000000002,1
20.0,1.0,1.0,10,10.0,2.832,1,,0.08333333333333333,0.3333333333333333,0.4583333333333333,0.0,2.8153040999999828,5.826135699999867,0.9983650000000098,600.0,6.0,0.5641780041666632,0.001021513340815937,0.9990000000000165,1
20.0,10.0,7.5,10,1.3333333333333333,1.6176,1,,0.08333333333333333,0.3333333333333333,0.4583333333333333,0.0,1.6052480999999963,5.826135699999867,0.9876816666666678,80.0,7.666666666666667,0.21551942083333286,0.0012152113440117385,7.490000000000034,1
20.0,100.0,30.0,10,0.3333333333333333,2.6544000000000003,1,,0.125,0.2916666666666667,0.4583333333333333,0.0,2.6307800999999995,5.826135699999867,0.951681666666667,20.0,4.333333333333333,0.7829702678571427,0.003497640186346972,29.900000000000016,1
2.0,10.0,20.0,100,5.0,4.2237599999999995,1,,0.08333333333333333,0.25,0.4166666666666667,0.0,4.188111899999975,5.826135699999867,0.9968423333333281,300.0,4.0,1.09356255166666,0.000335614505562863,19.990000000000183,1
5.0,1.0,5.0,40,8.0,2.1336,1,,0.041666666666666664,0.3333333333333333,0.4166666666666667,0.0,2.1216426000000244,5.826135699999867,0.9979433333333073,480.0,5.0,0.4546377000000052,0.00017757711283998093,4.9990000000000165,1
5.0,5.0,7.5,40,5.333333333333333,2.9024000000000005,1,,0.20833333333333334,0.375,0.4166666666666667,0.0,2.8803545999999844,5.826135699999867,0.9969683333333297,320.0,9.333333333333334,0.30937141999999834,0.0006037998722744356,7.495000000000057,1
5.0,20.0,20.0,40,2.0,3.2634,1,,0.08333333333333333,0.25,0.4166666666666667,0.0,3.2347445999999977,5.826135699999867,0.9920099999999983,120.0,4.333333333333333,0.8086861499999994,0.0007217616976540075,19.979999999999958,1
10.0,2.0,2.0,20,10.0,3.228,1,,0.041666666666666664,0.3333333333333333,0.4166666666666667,0.0,3.207047099999994,5.826135699999867,0.9983783333333361,600.0,8.0,0.4446133479545446,0.0010405273592910462,1.9980000000000278,1
10.0,5.0,7.5,20,2.6666666666666665,1.7808000000000002,1,,0.16666666666666666,0.2916666666666667,0.4166666666666667,0.0,1.7677190999999954,5.826135699999867,0.9938450000000066,160.0,7.666666666666667,0.2314870249999994,0.0006632525282822097,7.4950000000001324,1
10.0,5.0,10.0,20,2.0,1.4856,1,,0.20833333333333334,0.3333333333333333,0.4166666666666667,0.0,1.4748710999999972,5.826135699999867,0.9917616666666716,120.0,5.666666666666667,0.26688143714285667,0.000531436193548913,9.995000000000132,1
10.0,10.0,20.0,20,1.0,1.3428,1,,0.041666666666666664,0.3333333333333333,0.4166666666666667,0.0,1.332599099999999,5.826135699999867,0.9835116666666667,60.0,4.333333333333333,0.31093978999999977,0.0003626639008800718,19.990000000000002,1
10.0,20.0,20.0,20,1.0,1.9428,1,,0.08333333333333333,0.3333333333333333,0.4166666666666667,0.0,1.9265990999999978,5.826135699999867,0.9836783333333358,60.0,5.0,0.3960231483333328,0.0007746665952306828,19.980000000000068,1
10.0,50.0,20.0,20,1.0,3.7428000000000003,1,,0.08333333333333333,0.3333333333333333,0.4166666666666667,0.0,3.7085990999999994,5.826135699999867,0.9841783333333333,60.0,5.0,0.7623231483333334,0.0020106746782817377,19.950000000000003,1
10.0,100.0,30.0,20,0.6666666666666666,4.6952,1,,0.08333333333333333,0.3333333333333333,0.4166666666666667,0.0,4.6511751,5.826135699999867,0.9766783333333334,40.0,4.333333333333333,1.162793775,0.003491320604292646,29.900000000000002,1
20.0,1.0,0.5,10,20.0,5.063999999999999,1,,0.08333333333333333,0.3333333333333333,0.4166666666666667,0.0,5.033984100000061,5.826135699999867,0.9991983333333246,1200.0,7.666666666666667,0.7737420005555649,0.0020041453881832396,0.49900000000003786,1
20.0,5.0,7.5,10,1.3333333333333333,1.2176,1,,0.08333333333333333,0.2916666666666667,0.4166666666666667,0.0,1.2092480999999984,5.826135699999867,0.9875983333333377,80.0,5.0,0.2485676649999997,0.0006038043149825205,7.4950000000000685,1
20.0,20.0,15.0,10,0.6666666666666666,1.5088,1,,0.125,0.2916666666666667,0.4166666666666667,0.0,1.496936099999998,5.826135699999867,0.9753483333333354,40.0,6.0,0.25424152809523776,0.001130867001120169,14.980000000000068,1
20.0,50.0,30.0,10,0.3333333333333333,1.6544000000000003,1,,0.125,0.25,0.4166666666666667,0.0,1.6407800999999997,5.826135699999867,0.9508483333333335,20.0,4.0,0.5013494749999999,0.0018493998299966496,29.950000000000017,1
20.0,200.0,30.0,10,0.3333333333333333,4.6544,1,,0.125,0.2916666666666667,0.4166666666666667,0.0,4.6107800999999995,5.826135699999867,0.9533483333333344,20.0,4.0,1.4088494749999996,0.0064007016668575995,29.800000000000008,1
1.0,1.0,7.5,200,26.666666666666668,5.463679999999999,1,,0.16666666666666666,0.2916666666666667,0.375,0.0,5.435108000000014,5.826135699999867,0.9994003333333604,1600.0,6.666666666666667,0.8195797777777799,0.0001258232391304376,7.4990000000002865,1
1.0,2.0,15.0,200,13.333333333333334,3.83184,1,,0.125,0.20833333333333334,0.375,0.0,3.807586400000007,5.826135699999867,0.9987920000000163,800.0,4.666666666666667,0.921677660317462,0.0001119536109690053,14.998000000000566,1
1.0,5.0,20.0,200,10.0,4.823880000000001,1,,0.08333333333333333,0.25,0.375,0.0,4.786705999999967,5.826135699999867,0.9984253333333454,600.0,3.6666666666666665,1.3828261777777682,0.00015451919869298203,19.995000000000285,1
2.0,1.0,5.0,100,20.0,4.29504,1,,0.08333333333333333,0.3333333333333333,0.375,0.0,4.272179100000032,5.826135699999867,0.9991923333333134,1200.0,6.333333333333333,0.8363525222222284,0.00018806410727192926,4.999000000000073,1
2.0,1.0,7.5,100,13.333333333333334,3.0633600000000003,1,,0.041666666666666664,0.20833333333333334,0.375,0.0,3.046815899999936,5.826135699999867,0.9987756666666524,800.0,5.333333333333333,0.6686068224999858,0.00012076303132535444,7.499000000000283,1
2.0,2.0,7.5,100,13.333333333333334,3.8633600000000006,1,,0.08333333333333333,0.2916666666666667,0.375,0.0,3.838815899999892,5.826135699999867,0.9987923333333505,800.0,7.666666666666667,0.5240288371428424,0.00024152606265104192,7.498000000000282,1
2.0,2.0,10.0,100,10.0,3.0475200000000005,1,,0.125,0.25,0.375,0.0,3.028134299999992,5.826135699999867,0.9983756666666787,600.0,4.333333333333333,0.757033574999998,0.0002037291209985028,9.998000000000143,1
5.0,2.0,3.0,40,13.333333333333334,3.9559999999999995,1,,0.16666666666666666,0.3333333333333333,0.375,0.0,3.9306186000000394,5.826135699999867,0.9987933333333382,800.0,11.0,0.5084847871428622,0.0006891721415133588,2.9980000000001112,1
5.0,2.0,10.0,40,4.0,1.6067999999999998,1,,0.125,0.16666666666666666,0.375,0.0,1.5965106000000056,5.826135699999867,0.995876666666664,240.0,3.6666666666666665,0.5321702000000018,0.00019214239010125836,9.998000000000033,1
5.0,10.0,20.0,40,2.0,2.0634,1,,0.08333333333333333,0.25,0.375,0.0,2.0467445999999967,5.826135699999867,0.9918433333333333,120.0,3.6666666666666665,0.5912817733333323,0.0003359401127605911,19.990000000000002,1
10.0,1.0,1.0,20,20.0,4.655999999999999,1,,0.125,0.375,0.375,0.0,4.62976710000004,5.826135699999867,0.9991949999999754,1200.0,9.666666666666666,1.0167331670588324,0.0010155148599825857,0.999000000000013,1
10.0,1.0,3.0,20,6.666666666666667,1.952,1,,0.041666666666666664,0.2916666666666667,0.375,0.0,1.9408071000000007,5.826135699999867,0.9975283333333272,400.0,3.3333333333333335,0.6685002233333336,0.00034701361696634674,2.9990000000000077,1
10.0,2.0,5.0,20,4.0,1.6511999999999998,1,,0.041666666666666664,0.25,0.375,0.0,1.6406150999999836,5.826135699999867,0.9958783333333424,240.0,5.0,0.3873674541666628,0.00035477309620943973,4.998000000000133,1
10.0,50.0,30.0,20,0.6666666666666666,2.6952000000000003,1,,0.08333333333333333,0.3333333333333333,0.375,0.0,2.6711751000000006,5.826135699999867,0.975845,40.0,4.0,0.7419930833333335,0.00185260848471745,29.950000000000003,1
20.0,10.0,10.0,10,1.0,1.3632,1,,0.125,0.20833333333333334,0.375,0.0,1.3530920999999994,5.826135699999867,0.9835150000000009,60.0,5.0,0.2781355983333332,0.001115873636551091,9.99000000000003,1
20.0,10.0,15.0,10,0.6666666666666666,1.1088,1,,0.0,0.20833333333333334,0.375,0.0,1.1009360999999986,5.826135699999867,0.9751816666666673,40.0,4.0,0.28746664833333296,0.0005616321435366868,14.99000000000003,1
20.0,20.0,20.0,10,0.5,1.2815999999999999,1,,0.08333333333333333,0.25,0.375,0.0,1.2718580999999978,5.826135699999867,0.9670150000000014,30.0,4.666666666666667,0.27556925499999957,0.000876451225554672,19.98000000000004,1
20.0,20.0,30.0,10,0.3333333333333333,1.0543999999999998,1,,0.125,0.25,0.375,0.0,1.0467800999999992,5.826135699999867,0.9503483333333343,20.0,3.6666666666666665,0.3314803649999998,0.0007867853559281758,29.980000000000008,1
20.0,50.0,20.0,10,0.5,2.1816000000000004,1,,0.08333333333333333,0.2916666666666667,0.375,0.0,2.1628580999999993,5.826135699999867,0.9675150000000002,30.0,5.0,0.44458749833333316,0.002168571388193204,19.950000000000014,1
20.0,100.0,20.0,10,0.5,3.6816000000000004,1,,0.08333333333333333,0.2916666666666667,0.375,0.0,3.6478581,5.826135699999867,0.9683483333333337,30.0,5.0,0.7498374983333335,0.004514940427133922,19.900000000000013,1
1.0,1.0,10.0,200,20.0,4.2477599999999995,1,,0.20833333333333334,0.2916666666666667,0.3333333333333333,0.0,4.225347199999979,5.826135699999867,0.9991919999999931,1200.0,4.333333333333333,1.032862648888884,0.00010411609262305997,9.999000000000848,1
2.0,5.0,20.0,100,5.0,2.72376,1,,0.08333333333333333,0.20833333333333334,0.3333333333333333,0.0,2.7031118999999815,5.826135699999867,0.9967590000000065,300.0,3.3333333333333335,0.8259508583333277,0.00016577685931256324,19.995000000000175,1
5.0,1.0,3.0,40,13.333333333333334,3.156,1,,0.0,0.20833333333333334,0.3333333333333333,0.0,3.1386186000000156,5.826135699999867,0.9987766666666374,800.0,5.333333333333333,1.3264400035714352,0.0003445860707561466,2.9990000000000396,1
5.0,2.0,7.5,40,5.333333333333333,1.9423999999999997,1,,0.08333333333333333,0.16666666666666666,0.3333333333333333,0.0,1.9299545999999974,5.826135699999867,0.9969183333333297,320.0,5.0,0.3859909199999995,0.00024151077829803747,7.498000000000057,1
5.0,5.0,20.0,40,2.0,1.4634,1,,0.08333333333333333,0.20833333333333334,0.3333333333333333,0.0,1.452744600000005,5.826135699999867,0.9917599999999988,120.0,3.0,0.4842482000000016,0.00016577685931256324,19.99499999999997,1
5.0,50.0,30.0,40,1.3333333333333333,4.775599999999999,1,,0.08333333333333333,0.25,0.3333333333333333,0.0,4.7312226000000015,5.826135699999867,0.9883433333333292,80.0,3.6666666666666665,1.3667976400000004,0.001713642799448064,29.949999999999978,1
10.0,5.0,15.0,20,1.3333333333333333,1.1904,1,,0.08333333333333333,0.16666666666666666,0.3333333333333333,0.0,1.1820230999999988,5.826135699999867,0.987595000000003,80.0,3.6666666666666665,0.3414733399999996,0.0002981440875370673,14.995000000000132,1
10.0,20.0,30.0,20,0.6666666666666666,1.4952,1,,0.08333333333333333,0.2916666666666667,0.3333333333333333,0.0,1.4831751000000004,5.826135699999867,0.9753450000000013,40.0,3.6666666666666665,0.49439170000000016,0.0007835357963542617,29.97999999999999,1
20.0,2.0,3.0,10,3.3333333333333335,1.544,1,,0.08333333333333333,0.25,0.3333333333333333,0.0,1.5341840999999923,5.826135699999867,0.9950483333333408,200.0,5.0,inf,0.0006764420222030639,2.99800000000004,1
20.0,10.0,20.0,10,0.5,0.9816,1,,0.0,0.20833333333333334,0.3333333333333333,0.0,0.9748580999999993,5.826135699999867,0.9668483333333336,30.0,3.3333333333333335,0.32495269999999976,0.00043729112918446746,19.990000000000016,1
1.0,1.0,15.0,200,13.333333333333334,3.03184,1,,0.041666666666666664,0.125,0.2916666666666667,0.0,3.015586399999963,5.826135699999867,0.9987753333333597,800.0,3.0,1.206234559999985,5.597680548439867e-05,14.999000000000569,1
1.0,2.0,20.0,200,10.0,3.02388,1,,0.08333333333333333,0.20833333333333334,0.2916666666666667,0.0,3.0047059999999877,5.826135699999867,0.9983753333333455,600.0,2.3333333333333335,1.3354248888888833,6.18076794772022e-05,19.998000000000285,1
2.0,2.0,15.0,100,6.666666666666667,2.2316800000000003,1,,0.041666666666666664,0.125,0.2916666666666667,0.0,2.2174527000000066,5.826135699999867,0.99754233333335,400.0,3.3333333333333335,0.7637892633333356,0.00011683780468784223,14.998000000000566,1
5.0,2.0,15.0,40,2.6666666666666665,1.2711999999999999,1,,0.0,0.16666666666666666,0.2916666666666667,0.0,1.2630665999999995,5.826135699999867,0.9937933333333314,160.0,2.6666666666666665,0.5262777499999998,0.0001213408689356699,14.998000000000017,1
5.0,20.0,30.0,40,1.3333333333333333,2.3756,1,,0.08333333333333333,0.20833333333333334,0.2916666666666667,0.0,2.355222599999997,5.826135699999867,0.9878433333333335,80.0,3.3333333333333335,0.811243339999999,0.000700515490308398,29.98,1
20.0,2.0,5.0,10,2.0,1.1663999999999999,1,,0.041666666666666664,0.20833333333333334,0.2916666666666667,0.0,1.159160099999993,5.826135699999867,0.9917150000000065,120.0,2.6666666666666665,inf,0.0003536588090949028,4.998000000000069,1
20.0,5.0,30.0,10,0.3333333333333333,0.7544,1,,0.041666666666666664,0.16666666666666666,0.2916666666666667,0.0,0.7497800999999993,5.826135699999867,0.9500983333333344,20.0,2.3333333333333335,0.4373717249999996,0.00019099430344690865,29.995000000000008,1
20.0,10.0,30.0,10,0.3333333333333333,0.8544,1,,0.041666666666666664,0.16666666666666666,0.2916666666666667,0.0,0.8487800999999998,5.826135699999867,0.9501816666666669,20.0,2.6666666666666665,0.48097538999999995,0.00038959132094065307,29.99000000000002,1
1.0,10.0,60.0,200,3.3333333333333335,3.0079599999999997,1,,0.041666666666666664,0.041666666666666664,0.25,0.0,2.982945200000001,5.826135699999867,0.9951753333333322,200.0,2.0,1.4914726000000005,0.00020783424128398636,47.989480000000015,1
1.0,20.0,60.0,200,3.3333333333333335,5.00796,1,,0.041666666666666664,0.041666666666666664,0.25,0.0,4.962945200000026,5.826135699999867,0.9953420000000067,200.0,2.0,2.481472600000013,0.00041566848256810175,47.97948000000002,1
2.0,1.0,10.0,100,10.0,2.4475200000000004,1,,0.08333333333333333,0.125,0.25,0.0,2.4341342999999522,5.826135699999867,0.9983590000000101,600.0,2.6666666666666665,0.9466077833333149,0.00010186456049914213,9.999000000000144,1
2.0,2.0,20.0,100,5.0,1.82376,1,,0.0,0.125,0.25,0.0,1.8121119000000148,5.826135699999867,0.9967090000000064,300.0,2.3333333333333335,0.8053830666666731,6.631074372503787e-05,19.998000000000175,1
5.0,10.0,30.0,40,1.3333333333333333,1.5756000000000001,1,,0.08333333333333333,0.16666666666666666,0.25,0.0,1.5632225999999976,5.826135699999867,0.9876766666666668,80.0,3.0,0.625289039999999,0.0003502577451541617,29.990000000000006,1
5.0,20.0,60.0,40,0.6666666666666666,1.4878,1,,0.041666666666666664,0.041666666666666664,0.25,0.0,1.4757005999999995,5.826135699999867,0.9753433333333333,40.0,2.0,0.901817033333333,0.0005301080448271664,47.9794,1
5.0,50.0,60.0,40,0.6666666666666666,2.6877999999999997,1,,0.041666666666666664,0.041666666666666664,0.25,0.0,2.6637006000000008,5.826135699999867,0.9758433333333314,40.0,2.0,1.6278170333333337,0.0012887026961139957,47.9494,1
5.0,100.0,60.0,40,0.6666666666666666,4.687799999999999,1,,0.041666666666666664,0.041666666666666664,0.25,0.0,4.643700600000002,5.826135699999867,0.9766766666666666,40.0,2.0,2.837817033333334,0.002553027114925724,47.89939999999999,1
10.0,1.0,2.0,20,10.0,2.6279999999999997,1,,0.0,0.16666666666666666,0.25,0.0,2.6130471000000397,5.826135699999867,0.998361666666668,600.0,3.0,1.3065235500000199,0.000520263679644693,1.9990000000000308,1
10.0,1.0,5.0,20,4.0,1.4112,1,,0.0,0.125,0.25,0.0,1.4030151000000062,5.826135699999867,0.995861666666667,240.0,2.3333333333333335,0.6235622666666695,0.00017738654810447497,4.999000000000007,1
10.0,2.0,7.5,20,2.6666666666666665,1.3008,1,,0.041666666666666664,0.16666666666666666,0.25,0.0,1.2925190999999927,5.826135699999867,0.9937950000000061,160.0,3.3333333333333335,0.43083969999999755,0.00026250005151495613,7.498000000000133,1
10.0,2.0,15.0,20,1.3333333333333333,0.9503999999999999,1,,0.0,0.125,0.25,0.0,0.9444230999999957,5.826135699999867,0.9875450000000031,80.0,2.0,0.47221154999999787,0.00011645667521682964,14.998000000000133,1
10.0,5.0,20.0,20,1.0,1.0428,1,,0.0,0.16666666666666666,0.25,0.0,1.035599099999999,5.826135699999867,0.9834283333333356,60.0,3.0,0.3739663416666663,0.00017886741404094536,19.99500000000006,1
10.0,10.0,30.0,20,0.6666666666666666,1.0952,1,,0.041666666666666664,0.25,0.25,0.0,1.0871751000000005,5.826135699999867,0.9751783333333334,40.0,2.6666666666666665,0.6160658900000003,0.0003882474087218385,29.99,1
10.0,200.0,60.0,20,0.3333333333333333,4.6476,1,,0.041666666666666664,0.08333333333333333,0.25,0.0,4.6037511,5.826135699999867,0.9533450000000009,20.0,2.0,2.8134034500000005,0.0032158338152953616,47.799299999999995,1
20.0,1.0,3.0,10,3.3333333333333335,1.3439999999999999,1,,0.08333333333333333,0.125,0.25,0.0,1.3361840999999988,5.826135699999867,0.9950316666666653,200.0,2.6666666666666665,inf,0.00033822101110105794,2.999000000000038,1
20.0,2.0,7.5,10,1.3333333333333333,0.9776,1,,0.0,0.125,0.25,0.0,0.9716480999999965,5.826135699999867,0.9875483333333377,80.0,2.6666666666666665,0.40485337499999857,0.00023894546024946905,7.498000000000069,1
20.0,5.0,10.0,10,1.0,1.0632000000000001,1,,0.125,0.20833333333333334,0.25,0.0,1.0560920999999968,5.826135699999867,0.9834316666666699,60.0,3.0,0.3813665916666655,0.0005523949197464752,9.995000000000068,1
20.0,5.0,15.0,10,0.6666666666666666,0.9088,1,,0.0,0.125,0.25,0.0,0.902936099999998,5.826135699999867,0.9750983333333353,40.0,2.3333333333333335,0.5267127249999989,0.00027701471474492456,14.995000000000061,1
20.0,5.0,20.0,10,0.5,0.8316,1,,0.0,0.16666666666666666,0.25,0.0,0.8263580999999988,5.826135699999867,0.9667650000000015,30.0,2.3333333333333335,0.36727026666666607,0.00021630618411732478,19.995000000000037,1
1.0,1.0,20.0,200,10.0,2.42388,1,,0.041666666666666664,0.125,0.20833333333333334,0.0,2.4107059999999487,5.826135699999867,0.9983586666666767,600.0,1.6666666666666667,1.6071373333332992,3.0903839738576464e-05,19.999000000000283,1
1.0,5.0,60.0,200,3.3333333333333335,2.00796,1,,0.041666666666666664,0.041666666666666664,0.20833333333333334,0.0,1.9929452000000072,5.826135699999867,0.9950920000000073,200.0,1.6666666666666667,1.328630133333338,0.00010391712064205707,47.99447999999999,1
1.0,10.0,30.0,200,6.666666666666667,5.415919999999999,1,,0.08333333333333333,0.16666666666666666,0.20833333333333334,0.0,5.369825599999959,5.826135699999867,0.9976753333333329,400.0,2.3333333333333335,2.386589155555537,0.00030889289089348356,29.990000000000208,1
2.0,1.0,15.0,100,6.666666666666667,1.83168,1,,0.0,0.08333333333333333,0.20833333333333334,0.0,1.8214526999999763,5.826135699999867,0.9975256666666664,400.0,2.0,1.113109983333319,5.841890234381446e-05,14.999000000000189,1
2.0,1.0,20.0,100,5.0,1.5237600000000002,1,,0.0,0.08333333333333333,0.20833333333333334,0.0,1.5151118999999893,5.826135699999867,0.9966923333333281,300.0,1.6666666666666667,1.010074599999993,3.31553718624863e-05,19.999000000000184,1
2.0,10.0,30.0,100,3.3333333333333335,3.01584,1,,0.08333333333333333,0.16666666666666666,0.20833333333333334,0.0,2.990771099999991,5.826135699999867,0.9951756666666632,200.0,2.3333333333333335,1.329231599999996,0.00030889289089348356,29.990000000000023,1
2.0,20.0,30.0,100,3.3333333333333335,5.01584,1,,0.08333333333333333,0.16666666666666666,0.20833333333333334,0.0,4.970771099999983,5.826135699999867,0.9953423333333408,200.0,2.3333333333333335,2.2092315999999923,0.0006177857817870382,29.980000000000146,1
2.0,50.0,60.0,100,1.6666666666666667,5.80792,1,,0.041666666666666664,0.041666666666666664,0.20833333333333334,0.0,5.753430299999979,5.826135699999867,0.9908423333333353,100.0,1.6666666666666667,3.8356201999999864,0.0008390701463250111,47.949459999999995,1
5.0,5.0,30.0,40,1.3333333333333333,1.1756000000000002,1,,0.08333333333333333,0.16666666666666666,0.20833333333333334,0.0,1.1672226000000019,5.826135699999867,0.9875933333333325,80.0,2.0,0.8754169500000014,0.00017512887257711815,29.994999999999948,1
5.0,10.0,60.0,40,0.6666666666666666,1.0878,1,,0.041666666666666664,0.041666666666666664,0.20833333333333334,0.0,1.0797005999999993,5.826135699999867,0.9751766666666666,40.0,1.6666666666666667,0.8397671333333329,0.0002772431610647271,47.98940000000001,1
10.0,50.0,60.0,20,0.3333333333333333,1.6476000000000002,1,,0.041666666666666664,0.041666666666666664,0.20833333333333334,0.0,1.6337511000000002,5.826135699999867,0.9508449999999998,20.0,1.6666666666666667,1.2706953,0.0007640724377894707,47.9493,1
10.0,100.0,60.0,20,0.3333333333333333,2.6476,1,,0.041666666666666664,0.041666666666666664,0.20833333333333334,0.0,2.6237511,5.826135699999867,0.9516783333333333,20.0,1.6666666666666667,2.0406953,0.001527638763513954,47.899300000000004,1
20.0,1.0,2.0,10,5.0,1.7159999999999997,1,,0.041666666666666664,0.08333333333333333,0.20833333333333334,0.0,1.705964100000011,5.826135699999867,0.9966983333333269,300.0,2.6666666666666665,inf,0.0005191493925301694,1.9990000000000272,1
20.0,1.0,5.0,10,2.0,1.0464,1,,0.041666666666666664,0.125,0.20833333333333334,0.0,1.0403600999999987,5.826135699999867,0.9916983333333351,120.0,2.0,inf,0.00017682940454721648,4.999000000000034,1
1.0,2.0,30.0,200,6.666666666666667,2.21592,1,,0.08333333333333333,0.125,0.16666666666666666,0.0,2.201825599999979,5.826135699999867,0.9975420000000211,400.0,2.0,1.1009127999999895,6.177857817872471e-05,29.99800000000049,1
1.0,5.0,30.0,200,6.666666666666667,3.4159200000000007,1,,0.08333333333333333,0.125,0.16666666666666666,0.0,3.3898255999999325,5.826135699999867,0.9975920000000215,400.0,2.0,1.6949127999999662,0.00015444644544677704,29.995000000000502,1
2.0,5.0,30.0,100,3.3333333333333335,2.01584,1,,0.08333333333333333,0.125,0.16666666666666666,0.0,2.0007710999999855,5.826135699999867,0.9950923333333416,200.0,2.0,1.0003855499999927,0.00015444644544677704,29.995000000000193,1
2.0,10.0,60.0,100,1.6666666666666667,1.8079199999999997,1,,0.041666666666666664,0.041666666666666664,0.16666666666666666,0.0,1.793430300000001,5.826135699999867,0.9901756666666687,100.0,1.3333333333333333,1.4945252500000008,0.0001535663750154235,47.98945999999999,1
2.0,20.0,60.0,100,1.6666666666666667,2.80792,1,,0.041666666666666664,0.041666666666666664,0.16666666666666666,0.0,2.7834303000000067,5.826135699999867,0.9903423333333349,100.0,1.3333333333333333,2.3195252500000056,0.0003071327500309374,47.979459999999996,1
5.0,1.0,7.5,40,5.333333333333333,1.6223999999999998,1,,0.041666666666666664,0.125,0.16666666666666666,0.0,1.6131546000000327,5.826135699999867,0.9969016666666494,320.0,1.6666666666666667,1.2546758000000258,0.00012074774697110907,7.499000000000019,1
5.0,1.0,10.0,40,4.0,1.3668,1,,0.08333333333333333,0.125,0.16666666666666666,0.0,1.3589106000000115,5.826135699999867,0.9958599999999868,240.0,1.6666666666666667,inf,9.607119505052659e-05,9.999000000000013,1
5.0,2.0,20.0,40,2.0,1.1034,1,,0.0,0.125,0.16666666666666666,0.0,1.0963446000000021,5.826135699999867,0.9917099999999986,120.0,1.6666666666666667,0.7308964000000014,6.631074372503787e-05,19.997999999999973,1
5.0,5.0,60.0,40,0.6666666666666666,0.8878,1,,0.041666666666666664,0.041666666666666664,0.16666666666666666,0.0,0.8817005999999997,5.826135699999867,0.975093333333333,40.0,1.3333333333333333,0.7347504999999996,0.00014047582028712104,47.994400000000006,1
10.0,1.0,7.5,20,2.6666666666666665,1.1408,1,,0.0,0.125,0.16666666666666666,0.0,1.1341190999999982,5.826135699999867,0.9937783333333335,160.0,1.6666666666666667,0.882092633333332,0.00013125002575729906,7.499000000000009,1
10.0,2.0,10.0,20,2.0,1.1256,1,,0.08333333333333333,0.08333333333333333,0.16666666666666666,0.0,1.118471099999995,5.826135699999867,0.9917116666666712,120.0,2.0,0.6835101166666636,0.0002097735176215938,9.998000000000133,1
10.0,5.0,30.0,20,0.6666666666666666,0.8952,1,,0.0,0.16666666666666666,0.16666666666666666,0.0,0.8891750999999993,5.826135699999867,0.9750950000000015,40.0,1.6666666666666667,inf,0.00019060321490552674,29.994999999999987,1
20.0,2.0,10.0,10,1.0,0.8832,1,,0.08333333333333333,0.16666666666666666,0.16666666666666666,0.0,0.8778920999999964,5.826135699999867,0.9833816666666698,60.0,1.3333333333333333,inf,0.0002183817021550478,9.998000000000069,1
20.0,2.0,20.0,10,0.5,0.7416,1,,0.0,0.08333333333333333,0.16666666666666666,0.0,0.7372580999999986,5.826135699999867,0.9667150000000014,30.0,1.3333333333333333,0.6143817499999988,8.652247364695565e-05,19.998000000000037,1
20.0,2.0,30.0,10,0.3333333333333333,0.6944,1,,0.0,0.08333333333333333,0.16666666666666666,0.0,0.6903800999999993,5.826135699999867,0.9500483333333344,20.0,1.3333333333333333,0.5753167499999994,7.382145563517195e-05,29.998000000000008,1
1.0,2.0,60.0,200,3.3333333333333335,1.40796,1,,0.041666666666666664,0.041666666666666664,0.125,0.0,1.398945199999992,5.826135699999867,0.9950420000000074,200.0,1.0,1.398945199999992,4.156684825684786e-05,47.997479999999996,1
2.0,5.0,60.0,100,1.6666666666666667,1.30792,1,,0.041666666666666664,0.041666666666666664,0.125,0.0,1.2984302999999997,5.826135699999867,0.9900923333333354,100.0,1.0,1.2984302999999997,7.678318750775632e-05,47.99445999999998,1
5.0,1.0,15.0,40,2.6666666666666665,1.1112,1,,0.0,0.125,0.125,0.0,1.1046666000000056,5.826135699999867,0.993776666666658,160.0,1.3333333333333333,inf,6.06704344677323e-05,14.999000000000004,1
5.0,1.0,20.0,40,2.0,0.9833999999999999,1,,0.0,0.08333333333333333,0.125,0.0,0.9775446000000021,5.826135699999867,0.9916933333333268,120.0,1.0,0.9775446000000021,3.31553718624863e-05,19.999000000000002,1
20.0,1.0,7.5,10,1.3333333333333333,0.8976,1,,0.0,0.041666666666666664,0.125,0.0,0.8924480999999972,5.826135699999867,0.9875316666666678,80.0,1.0,0.8924480999999972,0.0001194727301245593,7.499000000000034,1
20.0,1.0,10.0,10,1.0,0.8231999999999999,1,,0.08333333333333333,0.125,0.125,0.0,0.8184920999999994,5.826135699999867,0.9833650000000008,60.0,1.0,inf,0.00010919085107735528,9.99900000000003,1
20.0,1.0,20.0,10,0.5,0.7116,1,,0.0,0.041666666666666664,0.125,0.0,0.7075580999999994,5.826135699999867,0.9666983333333338,30.0,1.0,0.7075580999999994,4.3261236823412306e-05,19.999000000000017,1
20.0,2.0,15.0,10,0.6666666666666666,0.7888,1,,0.0,0.041666666666666664,0.125,0.0,0.7841360999999981,5.826135699999867,0.9750483333333353,40.0,1.3333333333333333,inf,0.0001082296201543886,14.998000000000062,1
1.0,1.0,30.0,200,6.666666666666667,1.8159199999999998,1,,0.041666666666666664,0.041666666666666664,0.08333333333333333,0.0,1.8058256000000152,5.826135699999867,0.9975253333333317,400.0,1.0,inf,3.088928908932762e-05,29.999000000000127,1
1.0,1.0,60.0,200,3.3333333333333335,1.20796,1,,0.0,0.0,0.08333333333333333,0.0,1.200945200000002,5.826135699999867,0.9950253333333322,200.0,0.6666666666666666,inf,2.078342412836007e-05,47.99848000000001,1
2.0,2.0,30.0,100,3.3333333333333335,1.4158400000000002,1,,0.0,0.041666666666666664,0.08333333333333333,0.0,1.4067711,5.826135699999867,0.9950423333333408,200.0,0.6666666666666666,inf,6.177857817872471e-05,29.998000000000147,1
2.0,2.0,60.0,100,1.6666666666666667,1.00792,1,,0.0,0.0,0.08333333333333333,0.0,1.0014303000000029,5.826135699999867,0.9900423333333354,100.0,0.6666666666666666,inf,3.071327500311987e-05,47.99745999999999,1
5.0,1.0,60.0,40,0.6666666666666666,0.7278,1,,0.0,0.0,0.08333333333333333,0.0,0.7233006000000012,5.826135699999867,0.9750266666666646,40.0,0.6666666666666666,inf,2.8095164057358076e-05,47.9984,1
5.0,2.0,30.0,40,1.3333333333333333,0.9356,1,,0.0,0.041666666666666664,0.08333333333333333,0.0,0.9296225999999989,5.826135699999867,0.9875433333333326,80.0,1.0,inf,7.005154903086169e-05,29.997999999999948,1
5.0,2.0,60.0,40,0.6666666666666666,0.7677999999999999,1,,0.0,0.0,0.08333333333333333,0.0,0.7629006000000005,5.826135699999867,0.9750433333333329,40.0,0.6666666666666666,inf,5.619032811488147e-05,47.9974,1
10.0,1.0,10.0,20,2.0,1.0055999999999998,1,,0.0,0.041666666666666664,0.08333333333333333,0.0,0.9996710999999965,5.826135699999867,0.9916950000000001,120.0,0.6666666666666666,inf,0.00010488675881066599,9.999000000000006,1
10.0,2.0,20.0,20,1.0,0.8628,1,,0.0,0.041666666666666664,0.08333333333333333,0.0,0.8573990999999984,5.826135699999867,0.9833783333333356,60.0,1.0,inf,7.154696561638726e-05,19.99800000000006,1
10.0,20.0,60.0,20,0.3333333333333333,1.0476,1,,0.041666666666666664,0.041666666666666664,0.08333333333333333,0.0,1.039751099999999,5.826135699999867,0.9503450000000008,20.0,0.6666666666666666,inf,0.0003054241357494714,47.9793,1
20.0,1.0,30.0,10,0.3333333333333333,0.6744,1,,0.0,0.08333333333333333,0.08333333333333333,0.0,0.6705800999999999,5.826135699999867,0.9500316666666669,20.0,0.6666666666666666,inf,3.69107278175416e-05,29.999000000000013,1
2.0,1.0,30.0,100,3.3333333333333335,1.21584,1,,0.0,0.0,0.041666666666666664,0.0,1.208771100000003,5.826135699999867,0.9950256666666634,200.0,0.3333333333333333,inf,3.088928908932762e-05,29.999000000000027,1
2.0,1.0,60.0,100,1.6666666666666667,0.9079200000000001,1,,0.0,0.0,0.041666666666666664,0.0,0.9024303000000008,5.826135699999867,0.9900256666666684,100.0,0.3333333333333333,inf,1.5356637501515353e-05,47.99846,1
5.0,1.0,30.0,40,1.3333333333333333,0.8555999999999999,1,,0.0,0.041666666666666664,0.041666666666666664,0.0,0.8504226000000035,5.826135699999867,0.9875266666666623,80.0,0.6666666666666666,inf,3.5025774515394735e-05,29.998999999999956,1
10.0,1.0,15.0,20,1.3333333333333333,0.8704,1,,0.0,0.041666666666666664,0.041666666666666664,0.0,0.8652231,5.826135699999867,0.9875283333333332,80.0,0.3333333333333333,inf,5.822833760831983e-05,14.999000000000002,1
10.0,2.0,30.0,20,0.6666666666666666,0.7752,1,,0.0,0.041666666666666664,0.041666666666666664,0.0,0.7703750999999989,5.826135699999867,0.9750450000000015,40.0,0.6666666666666666,inf,7.34403261641524e-05,29.997999999999987,1
10.0,2.0,60.0,20,0.3333333333333333,0.6876,1,,0.0,0.0,0.041666666666666664,0.0,0.6833510999999998,5.826135699999867,0.9500450000000008,20.0,0.3333333333333333,inf,3.375002396389978e-05,47.997299999999996,1
10.0,5.0,60.0,20,0.3333333333333333,0.7476,1,,0.0,0.0,0.041666666666666664,0.0,0.7427510999999996,5.826135699999867,0.9500950000000007,20.0,0.3333333333333333,inf,8.437505990970696e-05,47.99429999999999,1
10.0,10.0,60.0,20,0.3333333333333333,0.8475999999999999,1,,0.0,0.0,0.041666666666666664,0.0,0.8417510999999994,5.826135699999867,0.9501783333333332,20.0,0.3333333333333333,inf,0.00016476077274186072,47.98929999999999,1
20.0,1.0,15.0,10,0.6666666666666666,0.7487999999999999,1,,0.0,0.0,0.041666666666666664,0.0,0.7445360999999998,5.826135699999867,0.9750316666666673,40.0,0.3333333333333333,inf,5.411481007712538e-05,14.99900000000003,1
10.0,1.0,20.0,20,1.0,0.8028,1,,0.0,0.0,0.0,0.0,0.7979990999999989,5.826135699999867,0.9833616666666667,60.0,0.0,inf,3.577348280816968e-05,19.999000000000002,1
10.0,1.0,30.0,20,0.6666666666666666,0.7352,1,,0.0,0.0,0.0,0.0,0.7307750999999995,5.826135699999867,0.9750283333333333,40.0,0.0,inf,3.67201630820551e-05,29.999000000000006,1
10.0,1.0,60.0,20,0.3333333333333333,0.6676,1,,0.0,0.0,0.0,0.0,0.6635510999999996,5.826135699999867,0.9500283333333334,20.0,0.0,inf,1.68750119819074e-05,47.9983,1
20.0,200.0,60.0,10,0.16666666666666666,2.6272,1,stopped scanning at 90.3% of the horizon (< 95%); not a fair baseline,0.041666666666666664,0.125,0.3333333333333333,0.0,2.603702099999999,5.826135699999867,0.9033483333333338,10.0,2.6666666666666665,1.0125508166666664,0.004866046255878275,47.7991,0
20.0,50.0,60.0,10,0.16666666666666666,1.1272000000000002,1,stopped scanning at 90.1% of the horizon (< 95%); not a fair baseline,0.041666666666666664,0.08333333333333333,0.2916666666666667,0.0,1.1187021,5.826135699999867,0.9008483333333334,10.0,2.3333333333333335,0.6215011666666667,0.001279059389096664,47.94910000000001,0
20.0,100.0,60.0,10,0.16666666666666666,1.6272000000000002,1,stopped scanning at 90.2% of the horizon (< 95%); not a fair baseline,0.041666666666666664,0.08333333333333333,0.2916666666666667,0.0,1.6137021000000003,5.826135699999867,0.9016816666666668,10.0,2.3333333333333335,0.8965011666666669,0.002463081377429547,47.899100000000004,0
20.0,20.0,60.0,10,0.16666666666666666,0.8271999999999999,1,stopped scanning at 90.0% of the horizon (< 95%); not a fair baseline,0.041666666666666664,0.08333333333333333,0.25,0.0,0.8217020999999997,5.826135699999867,0.9003483333333339,10.0,2.0,0.5021512833333331,0.0005257451603976039,47.979099999999995,0
20.0,10.0,60.0,10,0.16666666666666666,0.7272,1,stopped scanning at 90.0% of the horizon (< 95%); not a fair baseline,0.0,0.041666666666666664,0.125,0.0,0.7227020999999999,5.826135699999867,0.9001816666666668,10.0,1.0,0.7227020999999999,0.00027464041749778535,47.9891,0
20.0,5.0,60.0,10,0.16666666666666666,0.6772,1,stopped scanning at 90.0% of the horizon (< 95%); not a fair baseline,0.0,0.041666666666666664,0.08333333333333333,0.0,0.6732020999999998,5.826135699999867,0.9000983333333338,10.0,0.6666666666666666,inf,0.0001395957498558109,47.9941,0
20.0,1.0,60.0,10,0.16666666666666666,0.6372,1,stopped scanning at 90.0% of the horizon (< 95%); not a fair baseline,0.0,0.041666666666666664,0.041666666666666664,0.0,0.6336021,5.826135699999867,0.9000316666666667,10.0,0.3333333333333333,inf,2.7919149971108772e-05,47.9981,0
20.0,2.0,60.0,10,0.16666666666666666,0.6472,1,stopped scanning at 90.0% of the horizon (< 95%); not a fair baseline,0.0,0.041666666666666664,0.041666666666666664,0.0,0.6435020999999999,5.826135699999867,0.9000483333333335,10.0,0.3333333333333333,inf,5.583829994235106e-05,47.99710000000001,0
1.0,1.0,0.5,200,400.0,73.55519999999999,0,predicted 73.56 J > cap 5.83 J (would exhaust the budget before the horizon),,,,,,5.826135699999867,,,,,,,0
1.0,1.0,1.0,200,200.0,37.0776,0,predicted 37.08 J > cap 5.83 J (would exhaust the budget before the horizon),,,,,,5.826135699999867,,,,,,,0
1.0,1.0,2.0,200,100.0,18.8388,0,predicted 18.84 J > cap 5.83 J (would exhaust the budget before the horizon),,,,,,5.826135699999867,,,,,,,0
1.0,1.0,3.0,200,66.66666666666667,12.759199999999998,0,predicted 12.76 J > cap 5.83 J (would exhaust the budget before the horizon),,,,,,5.826135699999867,,,,,,,0
1.0,1.0,5.0,200,40.0,7.895519999999999,0,predicted 7.90 J > cap 5.83 J (would exhaust the budget before the horizon),,,,,,5.826135699999867,,,,,,,0
1.0,2.0,0.5,200,400.0,97.5552,0,predicted 97.56 J > cap 5.83 J (would exhaust the budget before the horizon),,,,,,5.826135699999867,,,,,,,0
1.0,2.0,1.0,200,200.0,49.077600000000004,0,predicted 49.08 J > cap 5.83 J (would exhaust the budget before the horizon),,,,,,5.826135699999867,,,,,,,0
1.0,2.0,2.0,200,100.0,24.838800000000003,0,predicted 24.84 J > cap 5.83 J (would exhaust the budget before the horizon),,,,,,5.826135699999867,,,,,,,0
1.0,2.0,3.0,200,66.66666666666667,16.7592,0,predicted 16.76 J > cap 5.83 J (would exhaust the budget before the horizon),,,,,,5.826135699999867,,,,,,,0
1.0,2.0,5.0,200,40.0,10.29552,0,predicted 10.30 J > cap 5.83 J (would exhaust the budget before the horizon),,,,,,5.826135699999867,,,,,,,0
1.0,2.0,7.5,200,26.666666666666668,7.06368,0,predicted 7.06 J > cap 5.83 J (would exhaust the budget before the horizon),,,,,,5.826135699999867,,,,,,,0
1.0,5.0,0.5,200,400.0,169.55520000000004,0,predicted 169.56 J > cap 5.83 J (would exhaust the budget before the horizon),,,,,,5.826135699999867,,,,,,,0
1.0,5.0,1.0,200,200.0,85.07760000000002,0,predicted 85.08 J > cap 5.83 J (would exhaust the budget before the horizon),,,,,,5.826135699999867,,,,,,,0
1.0,5.0,2.0,200,100.0,42.83880000000001,0,predicted 42.84 J > cap 5.83 J (would exhaust the budget before the horizon),,,,,,5.826135699999867,,,,,,,0
1.0,5.0,3.0,200,66.66666666666667,28.759200000000007,0,predicted 28.76 J > cap 5.83 J (would exhaust the budget before the horizon),,,,,,5.826135699999867,,,,,,,0
1.0,5.0,5.0,200,40.0,17.495520000000006,0,predicted 17.50 J > cap 5.83 J (would exhaust the budget before the horizon),,,,,,5.826135699999867,,,,,,,0
1.0,5.0,7.5,200,26.666666666666668,11.863680000000002,0,predicted 11.86 J > cap 5.83 J (would exhaust the budget before the horizon),,,,,,5.826135699999867,,,,,,,0
1.0,5.0,10.0,200,20.0,9.047760000000002,0,predicted 9.05 J > cap 5.83 J (would exhaust the budget before the horizon),,,,,,5.826135699999867,,,,,,,0
1.0,5.0,15.0,200,13.333333333333334,6.231840000000001,0,predicted 6.23 J > cap 5.83 J (would exhaust the budget before the horizon),,,,,,5.826135699999867,,,,,,,0
1.0,10.0,0.5,200,400.0,289.55519999999996,0,predicted 289.56 J > cap 5.83 J (would exhaust the budget before the horizon),,,,,,5.826135699999867,,,,,,,0
1.0,10.0,1.0,200,200.0,145.07759999999996,0,predicted 145.08 J > cap 5.83 J (would exhaust the budget before the horizon),,,,,,5.826135699999867,,,,,,,0
1.0,10.0,2.0,200,100.0,72.83879999999998,0,predicted 72.84 J > cap 5.83 J (would exhaust the budget before the horizon),,,,,,5.826135699999867,,,,,,,0
1.0,10.0,3.0,200,66.66666666666667,48.75919999999999,0,predicted 48.76 J > cap 5.83 J (would exhaust the budget before the horizon),,,,,,5.826135699999867,,,,,,,0
1.0,10.0,5.0,200,40.0,29.49552,0,predicted 29.50 J > cap 5.83 J (would exhaust the budget before the horizon),,,,,,5.826135699999867,,,,,,,0
1.0,10.0,7.5,200,26.666666666666668,19.86368,0,predicted 19.86 J > cap 5.83 J (would exhaust the budget before the horizon),,,,,,5.826135699999867,,,,,,,0
1.0,10.0,10.0,200,20.0,15.047759999999998,0,predicted 15.05 J > cap 5.83 J (would exhaust the budget before the horizon),,,,,,5.826135699999867,,,,,,,0
1.0,10.0,15.0,200,13.333333333333334,10.231839999999998,0,predicted 10.23 J > cap 5.83 J (would exhaust the budget before the horizon),,,,,,5.826135699999867,,,,,,,0
1.0,10.0,20.0,200,10.0,7.823879999999999,0,predicted 7.82 J > cap 5.83 J (would exhaust the budget before the horizon),,,,,,5.826135699999867,,,,,,,0
1.0,20.0,0.5,200,400.0,529.5552,0,predicted 529.56 J > cap 5.83 J (would exhaust the budget before the horizon),,,,,,5.826135699999867,,,,,,,0
1.0,20.0,1.0,200,200.0,265.0776,0,predicted 265.08 J > cap 5.83 J (would exhaust the budget before the horizon),,,,,,5.826135699999867,,,,,,,0
1.0,20.0,2.0,200,100.0,132.8388,0,predicted 132.84 J > cap 5.83 J (would exhaust the budget before the horizon),,,,,,5.826135699999867,,,,,,,0
1.0,20.0,3.0,200,66.66666666666667,88.75919999999999,0,predicted 88.76 J > cap 5.83 J (would exhaust the budget before the horizon),,,,,,5.826135699999867,,,,,,,0
1.0,20.0,5.0,200,40.0,53.495520000000006,0,predicted 53.50 J > cap 5.83 J (would exhaust the budget before the horizon),,,,,,5.826135699999867,,,,,,,0
1.0,20.0,7.5,200,26.666666666666668,35.86368,0,predicted 35.86 J > cap 5.83 J (would exhaust the budget before the horizon),,,,,,5.826135699999867,,,,,,,0
1.0,20.0,10.0,200,20.0,27.047760000000004,0,predicted 27.05 J > cap 5.83 J (would exhaust the budget before the horizon),,,,,,5.826135699999867,,,,,,,0
1.0,20.0,15.0,200,13.333333333333334,18.231840000000002,0,predicted 18.23 J > cap 5.83 J (would exhaust the budget before the horizon),,,,,,5.826135699999867,,,,,,,0
1.0,20.0,20.0,200,10.0,13.82388,0,predicted 13.82 J > cap 5.83 J (would exhaust the budget before the horizon),,,,,,5.826135699999867,,,,,,,0
1.0,20.0,30.0,200,6.666666666666667,9.41592,0,predicted 9.42 J > cap 5.83 J (would exhaust the budget before the horizon),,,,,,5.826135699999867,,,,,,,0
1.0,50.0,0.5,200,400.0,1249.5552,0,predicted 1249.56 J > cap 5.83 J (would exhaust the budget before the horizon),,,,,,5.826135699999867,,,,,,,0
1.0,50.0,1.0,200,200.0,625.0776000000001,0,predicted 625.08 J > cap 5.83 J (would exhaust the budget before the horizon),,,,,,5.826135699999867,,,,,,,0
1.0,50.0,2.0,200,100.0,312.83880000000005,0,predicted 312.84 J > cap 5.83 J (would exhaust the budget before the horizon),,,,,,5.826135699999867,,,,,,,0
1.0,50.0,3.0,200,66.66666666666667,208.75920000000002,0,predicted 208.76 J > cap 5.83 J (would exhaust the budget before the horizon),,,,,,5.826135699999867,,,,,,,0
1.0,50.0,5.0,200,40.0,125.49552,0,predicted 125.50 J > cap 5.83 J (would exhaust the budget before the horizon),,,,,,5.826135699999867,,,,,,,0
1.0,50.0,7.5,200,26.666666666666668,83.86368,0,predicted 83.86 J > cap 5.83 J (would exhaust the budget before the horizon),,,,,,5.826135699999867,,,,,,,0
1.0,50.0,10.0,200,20.0,63.047760000000004,0,predicted 63.05 J > cap 5.83 J (would exhaust the budget before the horizon),,,,,,5.826135699999867,,,,,,,0
1.0,50.0,15.0,200,13.333333333333334,42.231840000000005,0,predicted 42.23 J > cap 5.83 J (would exhaust the budget before the horizon),,,,,,5.826135699999867,,,,,,,0
1.0,50.0,20.0,200,10.0,31.823880000000003,0,predicted 31.82 J > cap 5.83 J (would exhaust the budget before the horizon),,,,,,5.826135699999867,,,,,,,0
1.0,50.0,30.0,200,6.666666666666667,21.415920000000003,0,predicted 21.42 J > cap 5.83 J (would exhaust the budget before the horizon),,,,,,5.826135699999867,,,,,,,0
1.0,50.0,60.0,200,3.3333333333333335,11.00796,0,predicted 11.01 J > cap 5.83 J (would exhaust the budget before the horizon),,,,,,5.826135699999867,,,,,,,0
1.0,100.0,0.5,200,400.0,2449.5552,0,predicted 2449.56 J > cap 5.83 J (would exhaust the budget before the horizon),,,,,,5.826135699999867,,,,,,,0
1.0,100.0,1.0,200,200.0,1225.0775999999998,0,predicted 1225.08 J > cap 5.83 J (would exhaust the budget before the horizon),,,,,,5.826135699999867,,,,,,,0
1.0,100.0,2.0,200,100.0,612.8388,0,predicted 612.84 J > cap 5.83 J (would exhaust the budget before the horizon),,,,,,5.826135699999867,,,,,,,0
1.0,100.0,3.0,200,66.66666666666667,408.7592,0,predicted 408.76 J > cap 5.83 J (would exhaust the budget before the horizon),,,,,,5.826135699999867,,,,,,,0
1.0,100.0,5.0,200,40.0,245.49551999999997,0,predicted 245.50 J > cap 5.83 J (would exhaust the budget before the horizon),,,,,,5.826135699999867,,,,,,,0
1.0,100.0,7.5,200,26.666666666666668,163.86368,0,predicted 163.86 J > cap 5.83 J (would exhaust the budget before the horizon),,,,,,5.826135699999867,,,,,,,0
1.0,100.0,10.0,200,20.0,123.04775999999998,0,predicted 123.05 J > cap 5.83 J (would exhaust the budget before the horizon),,,,,,5.826135699999867,,,,,,,0
1.0,100.0,15.0,200,13.333333333333334,82.23183999999999,0,predicted 82.23 J > cap 5.83 J (would exhaust the budget before the horizon),,,,,,5.826135699999867,,,,,,,0
1.0,100.0,20.0,200,10.0,61.823879999999996,0,predicted 61.82 J > cap 5.83 J (would exhaust the budget before the horizon),,,,,,5.826135699999867,,,,,,,0
1.0,100.0,30.0,200,6.666666666666667,41.41592,0,predicted 41.42 J > cap 5.83 J (would exhaust the budget before the horizon),,,,,,5.826135699999867,,,,,,,0
1.0,100.0,60.0,200,3.3333333333333335,21.00796,0,predicted 21.01 J > cap 5.83 J (would exhaust the budget before the horizon),,,,,,5.826135699999867,,,,,,,0
1.0,200.0,0.5,200,400.0,4849.555200000001,0,predicted 4849.56 J > cap 5.83 J (would exhaust the budget before the horizon),,,,,,5.826135699999867,,,,,,,0
1.0,200.0,1.0,200,200.0,2425.0776,0,predicted 2425.08 J > cap 5.83 J (would exhaust the budget before the horizon),,,,,,5.826135699999867,,,,,,,0
1.0,200.0,2.0,200,100.0,1212.8388,0,predicted 1212.84 J > cap 5.83 J (would exhaust the budget before the horizon),,,,,,5.826135699999867,,,,,,,0
1.0,200.0,3.0,200,66.66666666666667,808.7592000000001,0,predicted 808.76 J > cap 5.83 J (would exhaust the budget before the horizon),,,,,,5.826135699999867,,,,,,,0
1.0,200.0,5.0,200,40.0,485.49552000000006,0,predicted 485.50 J > cap 5.83 J (would exhaust the budget before the horizon),,,,,,5.826135699999867,,,,,,,0
1.0,200.0,7.5,200,26.666666666666668,323.86368000000004,0,predicted 323.86 J > cap 5.83 J (would exhaust the budget before the horizon),,,,,,5.826135699999867,,,,,,,0
1.0,200.0,10.0,200,20.0,243.04776,0,predicted 243.05 J > cap 5.83 J (would exhaust the budget before the horizon),,,,,,5.826135699999867,,,,,,,0
1.0,200.0,15.0,200,13.333333333333334,162.23184,0,predicted 162.23 J > cap 5.83 J (would exhaust the budget before the horizon),,,,,,5.826135699999867,,,,,,,0
1.0,200.0,20.0,200,10.0,121.82388,0,predicted 121.82 J > cap 5.83 J (would exhaust the budget before the horizon),,,,,,5.826135699999867,,,,,,,0
1.0,200.0,30.0,200,6.666666666666667,81.41592,0,predicted 81.42 J > cap 5.83 J (would exhaust the budget before the horizon),,,,,,5.826135699999867,,,,,,,0
1.0,200.0,60.0,200,3.3333333333333335,41.007960000000004,0,predicted 41.01 J > cap 5.83 J (would exhaust the budget before the horizon),,,,,,5.826135699999867,,,,,,,0
2.0,1.0,0.5,100,200.0,37.5504,0,predicted 37.55 J > cap 5.83 J (would exhaust the budget before the horizon),,,,,,5.826135699999867,,,,,,,0
2.0,1.0,1.0,100,100.0,19.075200000000002,0,predicted 19.08 J > cap 5.83 J (would exhaust the budget before the horizon),,,,,,5.826135699999867,,,,,,,0
2.0,1.0,2.0,100,50.0,9.8376,0,predicted 9.84 J > cap 5.83 J (would exhaust the budget before the horizon),,,,,,5.826135699999867,,,,,,,0
2.0,1.0,3.0,100,33.333333333333336,6.7584,0,predicted 6.76 J > cap 5.83 J (would exhaust the budget before the horizon),,,,,,5.826135699999867,,,,,,,0
2.0,2.0,0.5,100,200.0,49.55040000000001,0,predicted 49.55 J > cap 5.83 J (would exhaust the budget before the horizon),,,,,,5.826135699999867,,,,,,,0
2.0,2.0,1.0,100,100.0,25.075200000000006,0,predicted 25.08 J > cap 5.83 J (would exhaust the budget before the horizon),,,,,,5.826135699999867,,,,,,,0
2.0,2.0,2.0,100,50.0,12.837600000000002,0,predicted 12.84 J > cap 5.83 J (would exhaust the budget before the horizon),,,,,,5.826135699999867,,,,,,,0
2.0,2.0,3.0,100,33.333333333333336,8.7584,0,predicted 8.76 J > cap 5.83 J (would exhaust the budget before the horizon),,,,,,5.826135699999867,,,,,,,0
2.0,5.0,0.5,100,200.0,85.5504,0,predicted 85.55 J > cap 5.83 J (would exhaust the budget before the horizon),,,,,,5.826135699999867,,,,,,,0
2.0,5.0,1.0,100,100.0,43.0752,0,predicted 43.08 J > cap 5.83 J (would exhaust the budget before the horizon),,,,,,5.826135699999867,,,,,,,0
2.0,5.0,2.0,100,50.0,21.837600000000002,0,predicted 21.84 J > cap 5.83 J (would exhaust the budget before the horizon),,,,,,5.826135699999867,,,,,,,0
2.0,5.0,3.0,100,33.333333333333336,14.7584,0,predicted 14.76 J > cap 5.83 J (would exhaust the budget before the horizon),,,,,,5.826135699999867,,,,,,,0
2.0,5.0,5.0,100,20.0,9.09504,0,predicted 9.10 J > cap 5.83 J (would exhaust the budget before the horizon),,,,,,5.826135699999867,,,,,,,0
2.0,5.0,7.5,100,13.333333333333334,6.26336,0,predicted 6.26 J > cap 5.83 J (would exhaust the budget before the horizon),,,,,,5.826135699999867,,,,,,,0
2.0,10.0,0.5,100,200.0,145.55039999999997,0,predicted 145.55 J > cap 5.83 J (would exhaust the budget before the horizon),,,,,,5.826135699999867,,,,,,,0
2.0,10.0,1.0,100,100.0,73.07519999999998,0,predicted 73.08 J > cap 5.83 J (would exhaust the budget before the horizon),,,,,,5.826135699999867,,,,,,,0
2.0,10.0,2.0,100,50.0,36.837599999999995,0,predicted 36.84 J > cap 5.83 J (would exhaust the budget before the horizon),,,,,,5.826135699999867,,,,,,,0
2.0,10.0,3.0,100,33.333333333333336,24.758399999999998,0,predicted 24.76 J > cap 5.83 J (would exhaust the budget before the horizon),,,,,,5.826135699999867,,,,,,,0
2.0,10.0,5.0,100,20.0,15.09504,0,predicted 15.10 J > cap 5.83 J (would exhaust the budget before the horizon),,,,,,5.826135699999867,,,,,,,0
2.0,10.0,7.5,100,13.333333333333334,10.263359999999999,0,predicted 10.26 J > cap 5.83 J (would exhaust the budget before the horizon),,,,,,5.826135699999867,,,,,,,0
2.0,10.0,10.0,100,10.0,7.847519999999999,0,predicted 7.85 J > cap 5.83 J (would exhaust the budget before the horizon),,,,,,5.826135699999867,,,,,,,0
2.0,20.0,0.5,100,200.0,265.5504,0,predicted 265.55 J > cap 5.83 J (would exhaust the budget before the horizon),,,,,,5.826135699999867,,,,,,,0
2.0,20.0,1.0,100,100.0,133.0752,0,predicted 133.08 J > cap 5.83 J (would exhaust the budget before the horizon),,,,,,5.826135699999867,,,,,,,0
2.0,20.0,2.0,100,50.0,66.8376,0,predicted 66.84 J > cap 5.83 J (would exhaust the budget before the horizon),,,,,,5.826135699999867,,,,,,,0
2.0,20.0,3.0,100,33.333333333333336,44.7584,0,predicted 44.76 J > cap 5.83 J (would exhaust the budget before the horizon),,,,,,5.826135699999867,,,,,,,0
2.0,20.0,5.0,100,20.0,27.095040000000004,0,predicted 27.10 J > cap 5.83 J (would exhaust the budget before the horizon),,,,,,5.826135699999867,,,,,,,0
2.0,20.0,7.5,100,13.333333333333334,18.263360000000002,0,predicted 18.26 J > cap 5.83 J (would exhaust the budget before the horizon),,,,,,5.826135699999867,,,,,,,0
2.0,20.0,10.0,100,10.0,13.847520000000001,0,predicted 13.85 J > cap 5.83 J (would exhaust the budget before the horizon),,,,,,5.826135699999867,,,,,,,0
2.0,20.0,15.0,100,6.666666666666667,9.43168,0,predicted 9.43 J > cap 5.83 J (would exhaust the budget before the horizon),,,,,,5.826135699999867,,,,,,,0
2.0,20.0,20.0,100,5.0,7.22376,0,predicted 7.22 J > cap 5.83 J (would exhaust the budget before the horizon),,,,,,5.826135699999867,,,,,,,0
2.0,50.0,0.5,100,200.0,625.5504000000001,0,predicted 625.55 J > cap 5.83 J (would exhaust the budget before the horizon),,,,,,5.826135699999867,,,,,,,0
2.0,50.0,1.0,100,100.0,313.07520000000005,0,predicted 313.08 J > cap 5.83 J (would exhaust the budget before the horizon),,,,,,5.826135699999867,,,,,,,0
2.0,50.0,2.0,100,50.0,156.8376,0,predicted 156.84 J > cap 5.83 J (would exhaust the budget before the horizon),,,,,,5.826135699999867,,,,,,,0
2.0,50.0,3.0,100,33.333333333333336,104.75840000000001,0,predicted 104.76 J > cap 5.83 J (would exhaust the budget before the horizon),,,,,,5.826135699999867,,,,,,,0
2.0,50.0,5.0,100,20.0,63.095040000000004,0,predicted 63.10 J > cap 5.83 J (would exhaust the budget before the horizon),,,,,,5.826135699999867,,,,,,,0
2.0,50.0,7.5,100,13.333333333333334,42.263360000000006,0,predicted 42.26 J > cap 5.83 J (would exhaust the budget before the horizon),,,,,,5.826135699999867,,,,,,,0
2.0,50.0,10.0,100,10.0,31.847520000000003,0,predicted 31.85 J > cap 5.83 J (would exhaust the budget before the horizon),,,,,,5.826135699999867,,,,,,,0
2.0,50.0,15.0,100,6.666666666666667,21.431680000000004,0,predicted 21.43 J > cap 5.83 J (would exhaust the budget before the horizon),,,,,,5.826135699999867,,,,,,,0
2.0,50.0,20.0,100,5.0,16.223760000000002,0,predicted 16.22 J > cap 5.83 J (would exhaust the budget before the horizon),,,,,,5.826135699999867,,,,,,,0
2.0,50.0,30.0,100,3.3333333333333335,11.01584,0,predicted 11.02 J > cap 5.83 J (would exhaust the budget before the horizon),,,,,,5.826135699999867,,,,,,,0
2.0,100.0,0.5,100,200.0,1225.5503999999999,0,predicted 1225.55 J > cap 5.83 J (would exhaust the budget before the horizon),,,,,,5.826135699999867,,,,,,,0
2.0,100.0,1.0,100,100.0,613.0752,0,predicted 613.08 J > cap 5.83 J (would exhaust the budget before the horizon),,,,,,5.826135699999867,,,,,,,0
2.0,100.0,2.0,100,50.0,306.8376,0,predicted 306.84 J > cap 5.83 J (would exhaust the budget before the horizon),,,,,,5.826135699999867,,,,,,,0
2.0,100.0,3.0,100,33.333333333333336,204.7584,0,predicted 204.76 J > cap 5.83 J (would exhaust the budget before the horizon),,,,,,5.826135699999867,,,,,,,0
2.0,100.0,5.0,100,20.0,123.09503999999998,0,predicted 123.10 J > cap 5.83 J (would exhaust the budget before the horizon),,,,,,5.826135699999867,,,,,,,0
2.0,100.0,7.5,100,13.333333333333334,82.26335999999999,0,predicted 82.26 J > cap 5.83 J (would exhaust the budget before the horizon),,,,,,5.826135699999867,,,,,,,0
2.0,100.0,10.0,100,10.0,61.847519999999996,0,predicted 61.85 J > cap 5.83 J (would exhaust the budget before the horizon),,,,,,5.826135699999867,,,,,,,0
2.0,100.0,15.0,100,6.666666666666667,41.43168,0,predicted 41.43 J > cap 5.83 J (would exhaust the budget before the horizon),,,,,,5.826135699999867,,,,,,,0
2.0,100.0,20.0,100,5.0,31.22376,0,predicted 31.22 J > cap 5.83 J (would exhaust the budget before the horizon),,,,,,5.826135699999867,,,,,,,0
2.0,100.0,30.0,100,3.3333333333333335,21.01584,0,predicted 21.02 J > cap 5.83 J (would exhaust the budget before the horizon),,,,,,5.826135699999867,,,,,,,0
2.0,100.0,60.0,100,1.6666666666666667,10.80792,0,predicted 10.81 J > cap 5.83 J (would exhaust the budget before the horizon),,,,,,5.826135699999867,,,,,,,0
2.0,200.0,0.5,100,200.0,2425.5504,0,predicted 2425.55 J > cap 5.83 J (would exhaust the budget before the horizon),,,,,,5.826135699999867,,,,,,,0
2.0,200.0,1.0,100,100.0,1213.0752,0,predicted 1213.08 J > cap 5.83 J (would exhaust the budget before the horizon),,,,,,5.826135699999867,,,,,,,0
2.0,200.0,2.0,100,50.0,606.8376000000001,0,predicted 606.84 J > cap 5.83 J (would exhaust the budget before the horizon),,,,,,5.826135699999867,,,,,,,0
2.0,200.0,3.0,100,33.333333333333336,404.75840000000005,0,predicted 404.76 J > cap 5.83 J (would exhaust the budget before the horizon),,,,,,5.826135699999867,,,,,,,0
2.0,200.0,5.0,100,20.0,243.09504,0,predicted 243.10 J > cap 5.83 J (would exhaust the budget before the horizon),,,,,,5.826135699999867,,,,,,,0
2.0,200.0,7.5,100,13.333333333333334,162.26336,0,predicted 162.26 J > cap 5.83 J (would exhaust the budget before the horizon),,,,,,5.826135699999867,,,,,,,0
2.0,200.0,10.0,100,10.0,121.84752,0,predicted 121.85 J > cap 5.83 J (would exhaust the budget before the horizon),,,,,,5.826135699999867,,,,,,,0
2.0,200.0,15.0,100,6.666666666666667,81.43168,0,predicted 81.43 J > cap 5.83 J (would exhaust the budget before the horizon),,,,,,5.826135699999867,,,,,,,0
2.0,200.0,20.0,100,5.0,61.223760000000006,0,predicted 61.22 J > cap 5.83 J (would exhaust the budget before the horizon),,,,,,5.826135699999867,,,,,,,0
2.0,200.0,30.0,100,3.3333333333333335,41.015840000000004,0,predicted 41.02 J > cap 5.83 J (would exhaust the budget before the horizon),,,,,,5.826135699999867,,,,,,,0
2.0,200.0,60.0,100,1.6666666666666667,20.807920000000003,0,predicted 20.81 J > cap 5.83 J (would exhaust the budget before the horizon),,,,,,5.826135699999867,,,,,,,0
5.0,1.0,0.5,40,80.0,15.936,0,predicted 15.94 J > cap 5.83 J (would exhaust the budget before the horizon),,,,,,5.826135699999867,,,,,,,0
5.0,1.0,1.0,40,40.0,8.268,0,predicted 8.27 J > cap 5.83 J (would exhaust the budget before the horizon),,,,,,5.826135699999867,,,,,,,0
5.0,2.0,0.5,40,80.0,20.735999999999997,0,predicted 20.74 J > cap 5.83 J (would exhaust the budget before the horizon),,,,,,5.826135699999867,,,,,,,0
5.0,2.0,1.0,40,40.0,10.667999999999997,0,predicted 10.67 J > cap 5.83 J (would exhaust the budget before the horizon),,,,,,5.826135699999867,,,,,,,0
5.0,5.0,0.5,40,80.0,35.13600000000001,0,predicted 35.14 J > cap 5.83 J (would exhaust the budget before the horizon),,,,,,5.826135699999867,,,,,,,0
5.0,5.0,1.0,40,40.0,17.868000000000006,0,predicted 17.87 J > cap 5.83 J (would exhaust the budget before the horizon),,,,,,5.826135699999867,,,,,,,0
5.0,5.0,2.0,40,20.0,9.234000000000002,0,predicted 9.23 J > cap 5.83 J (would exhaust the budget before the horizon),,,,,,5.826135699999867,,,,,,,0
5.0,5.0,3.0,40,13.333333333333334,6.356000000000001,0,predicted 6.36 J > cap 5.83 J (would exhaust the budget before the horizon),,,,,,5.826135699999867,,,,,,,0
5.0,10.0,0.5,40,80.0,59.136,0,predicted 59.14 J > cap 5.83 J (would exhaust the budget before the horizon),,,,,,5.826135699999867,,,,,,,0
5.0,10.0,1.0,40,40.0,29.868000000000002,0,predicted 29.87 J > cap 5.83 J (would exhaust the budget before the horizon),,,,,,5.826135699999867,,,,,,,0
5.0,10.0,2.0,40,20.0,15.234,0,predicted 15.23 J > cap 5.83 J (would exhaust the budget before the horizon),,,,,,5.826135699999867,,,,,,,0
5.0,10.0,3.0,40,13.333333333333334,10.356,0,predicted 10.36 J > cap 5.83 J (would exhaust the budget before the horizon),,,,,,5.826135699999867,,,,,,,0
5.0,10.0,5.0,40,8.0,6.4536,0,predicted 6.45 J > cap 5.83 J (would exhaust the budget before the horizon),,,,,,5.826135699999867,,,,,,,0
5.0,20.0,0.5,40,80.0,107.13599999999998,0,predicted 107.14 J > cap 5.83 J (would exhaust the budget before the horizon),,,,,,5.826135699999867,,,,,,,0
5.0,20.0,1.0,40,40.0,53.867999999999995,0,predicted 53.87 J > cap 5.83 J (would exhaust the budget before the horizon),,,,,,5.826135699999867,,,,,,,0
5.0,20.0,2.0,40,20.0,27.233999999999998,0,predicted 27.23 J > cap 5.83 J (would exhaust the budget before the horizon),,,,,,5.826135699999867,,,,,,,0
5.0,20.0,3.0,40,13.333333333333334,18.356,0,predicted 18.36 J > cap 5.83 J (would exhaust the budget before the horizon),,,,,,5.826135699999867,,,,,,,0
5.0,20.0,5.0,40,8.0,11.253599999999999,0,predicted 11.25 J > cap 5.83 J (would exhaust the budget before the horizon),,,,,,5.826135699999867,,,,,,,0
5.0,20.0,7.5,40,5.333333333333333,7.702399999999999,0,predicted 7.70 J > cap 5.83 J (would exhaust the budget before the horizon),,,,,,5.826135699999867,,,,,,,0
5.0,20.0,10.0,40,4.0,5.926799999999999,0,predicted 5.93 J > cap 5.83 J (would exhaust the budget before the horizon),,,,,,5.826135699999867,,,,,,,0
5.0,50.0,0.5,40,80.0,251.13599999999994,0,predicted 251.14 J > cap 5.83 J (would exhaust the budget before the horizon),,,,,,5.826135699999867,,,,,,,0
5.0,50.0,1.0,40,40.0,125.86799999999997,0,predicted 125.87 J > cap 5.83 J (would exhaust the budget before the horizon),,,,,,5.826135699999867,,,,,,,0
5.0,50.0,2.0,40,20.0,63.23399999999999,0,predicted 63.23 J > cap 5.83 J (would exhaust the budget before the horizon),,,,,,5.826135699999867,,,,,,,0
5.0,50.0,3.0,40,13.333333333333334,42.355999999999995,0,predicted 42.36 J > cap 5.83 J (would exhaust the budget before the horizon),,,,,,5.826135699999867,,,,,,,0
5.0,50.0,5.0,40,8.0,25.653599999999997,0,predicted 25.65 J > cap 5.83 J (would exhaust the budget before the horizon),,,,,,5.826135699999867,,,,,,,0
5.0,50.0,7.5,40,5.333333333333333,17.3024,0,predicted 17.30 J > cap 5.83 J (would exhaust the budget before the horizon),,,,,,5.826135699999867,,,,,,,0
5.0,50.0,10.0,40,4.0,13.126799999999998,0,predicted 13.13 J > cap 5.83 J (would exhaust the budget before the horizon),,,,,,5.826135699999867,,,,,,,0
5.0,50.0,15.0,40,2.6666666666666665,8.951199999999998,0,predicted 8.95 J > cap 5.83 J (would exhaust the budget before the horizon),,,,,,5.826135699999867,,,,,,,0
5.0,50.0,20.0,40,2.0,6.863399999999999,0,predicted 6.86 J > cap 5.83 J (would exhaust the budget before the horizon),,,,,,5.826135699999867,,,,,,,0
5.0,100.0,0.5,40,80.0,491.13599999999997,0,predicted 491.14 J > cap 5.83 J (would exhaust the budget before the horizon),,,,,,5.826135699999867,,,,,,,0
5.0,100.0,1.0,40,40.0,245.86799999999997,0,predicted 245.87 J > cap 5.83 J (would exhaust the budget before the horizon),,,,,,5.826135699999867,,,,,,,0
5.0,100.0,2.0,40,20.0,123.23399999999998,0,predicted 123.23 J > cap 5.83 J (would exhaust the budget before the horizon),,,,,,5.826135699999867,,,,,,,0
5.0,100.0,3.0,40,13.333333333333334,82.356,0,predicted 82.36 J > cap 5.83 J (would exhaust the budget before the horizon),,,,,,5.826135699999867,,,,,,,0
5.0,100.0,5.0,40,8.0,49.6536,0,predicted 49.65 J > cap 5.83 J (would exhaust the budget before the horizon),,,,,,5.826135699999867,,,,,,,0
5.0,100.0,7.5,40,5.333333333333333,33.3024,0,predicted 33.30 J > cap 5.83 J (would exhaust the budget before the horizon),,,,,,5.826135699999867,,,,,,,0
5.0,100.0,10.0,40,4.0,25.1268,0,predicted 25.13 J > cap 5.83 J (would exhaust the budget before the horizon),,,,,,5.826135699999867,,,,,,,0
5.0,100.0,15.0,40,2.6666666666666665,16.9512,0,predicted 16.95 J > cap 5.83 J (would exhaust the budget before the horizon),,,,,,5.826135699999867,,,,,,,0
5.0,100.0,20.0,40,2.0,12.863399999999999,0,predicted 12.86 J > cap 5.83 J (would exhaust the budget before the horizon),,,,,,5.826135699999867,,,,,,,0
5.0,100.0,30.0,40,1.3333333333333333,8.775599999999999,0,predicted 8.78 J > cap 5.83 J (would exhaust the budget before the horizon),,,,,,5.826135699999867,,,,,,,0
5.0,200.0,0.5,40,80.0,971.136,0,predicted 971.14 J > cap 5.83 J (would exhaust the budget before the horizon),,,,,,5.826135699999867,,,,,,,0
5.0,200.0,1.0,40,40.0,485.868,0,predicted 485.87 J > cap 5.83 J (would exhaust the budget before the horizon),,,,,,5.826135699999867,,,,,,,0
5.0,200.0,2.0,40,20.0,243.23399999999998,0,predicted 243.23 J > cap 5.83 J (would exhaust the budget before the horizon),,,,,,5.826135699999867,,,,,,,0
5.0,200.0,3.0,40,13.333333333333334,162.356,0,predicted 162.36 J > cap 5.83 J (would exhaust the budget before the horizon),,,,,,5.826135699999867,,,,,,,0
5.0,200.0,5.0,40,8.0,97.65359999999998,0,predicted 97.65 J > cap 5.83 J (would exhaust the budget before the horizon),,,,,,5.826135699999867,,,,,,,0
5.0,200.0,7.5,40,5.333333333333333,65.30239999999999,0,predicted 65.30 J > cap 5.83 J (would exhaust the budget before the horizon),,,,,,5.826135699999867,,,,,,,0
5.0,200.0,10.0,40,4.0,49.126799999999996,0,predicted 49.13 J > cap 5.83 J (would exhaust the budget before the horizon),,,,,,5.826135699999867,,,,,,,0
5.0,200.0,15.0,40,2.6666666666666665,32.9512,0,predicted 32.95 J > cap 5.83 J (would exhaust the budget before the horizon),,,,,,5.826135699999867,,,,,,,0
5.0,200.0,20.0,40,2.0,24.8634,0,predicted 24.86 J > cap 5.83 J (would exhaust the budget before the horizon),,,,,,5.826135699999867,,,,,,,0
5.0,200.0,30.0,40,1.3333333333333333,16.7756,0,predicted 16.78 J > cap 5.83 J (would exhaust the budget before the horizon),,,,,,5.826135699999867,,,,,,,0
5.0,200.0,60.0,40,0.6666666666666666,8.6878,0,predicted 8.69 J > cap 5.83 J (would exhaust the budget before the horizon),,,,,,5.826135699999867,,,,,,,0
10.0,1.0,0.5,20,40.0,8.711999999999998,0,predicted 8.71 J > cap 5.83 J (would exhaust the budget before the horizon),,,,,,5.826135699999867,,,,,,,0
10.0,2.0,0.5,20,40.0,11.112,0,predicted 11.11 J > cap 5.83 J (would exhaust the budget before the horizon),,,,,,5.826135699999867,,,,,,,0
10.0,2.0,1.0,20,20.0,5.856,0,predicted 5.86 J > cap 5.83 J (would exhaust the budget before the horizon),,,,,,5.826135699999867,,,,,,,0
10.0,5.0,0.5,20,40.0,18.312,0,predicted 18.31 J > cap 5.83 J (would exhaust the budget before the horizon),,,,,,5.826135699999867,,,,,,,0
10.0,5.0,1.0,20,20.0,9.456,0,predicted 9.46 J > cap 5.83 J (would exhaust the budget before the horizon),,,,,,5.826135699999867,,,,,,,0
10.0,10.0,0.5,20,40.0,30.312,0,predicted 30.31 J > cap 5.83 J (would exhaust the budget before the horizon),,,,,,5.826135699999867,,,,,,,0
10.0,10.0,1.0,20,20.0,15.456,0,predicted 15.46 J > cap 5.83 J (would exhaust the budget before the horizon),,,,,,5.826135699999867,,,,,,,0
10.0,10.0,2.0,20,10.0,8.028,0,predicted 8.03 J > cap 5.83 J (would exhaust the budget before the horizon),,,,,,5.826135699999867,,,,,,,0
10.0,20.0,0.5,20,40.0,54.312000000000005,0,predicted 54.31 J > cap 5.83 J (would exhaust the budget before the horizon),,,,,,5.826135699999867,,,,,,,0
10.0,20.0,1.0,20,20.0,27.456000000000003,0,predicted 27.46 J > cap 5.83 J (would exhaust the budget before the horizon),,,,,,5.826135699999867,,,,,,,0
10.0,20.0,2.0,20,10.0,14.028,0,predicted 14.03 J > cap 5.83 J (would exhaust the budget before the horizon),,,,,,5.826135699999867,,,,,,,0
10.0,20.0,3.0,20,6.666666666666667,9.552,0,predicted 9.55 J > cap 5.83 J (would exhaust the budget before the horizon),,,,,,5.826135699999867,,,,,,,0
10.0,20.0,5.0,20,4.0,5.9712,0,predicted 5.97 J > cap 5.83 J (would exhaust the budget before the horizon),,,,,,5.826135699999867,,,,,,,0
10.0,50.0,0.5,20,40.0,126.31200000000001,0,predicted 126.31 J > cap 5.83 J (would exhaust the budget before the horizon),,,,,,5.826135699999867,,,,,,,0
10.0,50.0,1.0,20,20.0,63.45600000000001,0,predicted 63.46 J > cap 5.83 J (would exhaust the budget before the horizon),,,,,,5.826135699999867,,,,,,,0
10.0,50.0,2.0,20,10.0,32.028000000000006,0,predicted 32.03 J > cap 5.83 J (would exhaust the budget before the horizon),,,,,,5.826135699999867,,,,,,,0
10.0,50.0,3.0,20,6.666666666666667,21.552000000000003,0,predicted 21.55 J > cap 5.83 J (would exhaust the budget before the horizon),,,,,,5.826135699999867,,,,,,,0
10.0,50.0,5.0,20,4.0,13.1712,0,predicted 13.17 J > cap 5.83 J (would exhaust the budget before the horizon),,,,,,5.826135699999867,,,,,,,0
10.0,50.0,7.5,20,2.6666666666666665,8.9808,0,predicted 8.98 J > cap 5.83 J (would exhaust the budget before the horizon),,,,,,5.826135699999867,,,,,,,0
10.0,50.0,10.0,20,2.0,6.8856,0,predicted 6.89 J > cap 5.83 J (would exhaust the budget before the horizon),,,,,,5.826135699999867,,,,,,,0
10.0,100.0,0.5,20,40.0,246.312,0,predicted 246.31 J > cap 5.83 J (would exhaust the budget before the horizon),,,,,,5.826135699999867,,,,,,,0
10.0,100.0,1.0,20,20.0,123.456,0,predicted 123.46 J > cap 5.83 J (would exhaust the budget before the horizon),,,,,,5.826135699999867,,,,,,,0
10.0,100.0,2.0,20,10.0,62.028000000000006,0,predicted 62.03 J > cap 5.83 J (would exhaust the budget before the horizon),,,,,,5.826135699999867,,,,,,,0
10.0,100.0,3.0,20,6.666666666666667,41.552,0,predicted 41.55 J > cap 5.83 J (would exhaust the budget before the horizon),,,,,,5.826135699999867,,,,,,,0
10.0,100.0,5.0,20,4.0,25.171200000000002,0,predicted 25.17 J > cap 5.83 J (would exhaust the budget before the horizon),,,,,,5.826135699999867,,,,,,,0
10.0,100.0,7.5,20,2.6666666666666665,16.980800000000002,0,predicted 16.98 J > cap 5.83 J (would exhaust the budget before the horizon),,,,,,5.826135699999867,,,,,,,0
10.0,100.0,10.0,20,2.0,12.8856,0,predicted 12.89 J > cap 5.83 J (would exhaust the budget before the horizon),,,,,,5.826135699999867,,,,,,,0
10.0,100.0,15.0,20,1.3333333333333333,8.7904,0,predicted 8.79 J > cap 5.83 J (would exhaust the budget before the horizon),,,,,,5.826135699999867,,,,,,,0
10.0,100.0,20.0,20,1.0,6.7428,0,predicted 6.74 J > cap 5.83 J (would exhaust the budget before the horizon),,,,,,5.826135699999867,,,,,,,0
10.0,200.0,0.5,20,40.0,486.312,0,predicted 486.31 J > cap 5.83 J (would exhaust the budget before the horizon),,,,,,5.826135699999867,,,,,,,0
10.0,200.0,1.0,20,20.0,243.456,0,predicted 243.46 J > cap 5.83 J (would exhaust the budget before the horizon),,,,,,5.826135699999867,,,,,,,0
10.0,200.0,2.0,20,10.0,122.02799999999999,0,predicted 122.03 J > cap 5.83 J (would exhaust the budget before the horizon),,,,,,5.826135699999867,,,,,,,0
10.0,200.0,3.0,20,6.666666666666667,81.55199999999999,0,predicted 81.55 J > cap 5.83 J (would exhaust the budget before the horizon),,,,,,5.826135699999867,,,,,,,0
10.0,200.0,5.0,20,4.0,49.171200000000006,0,predicted 49.17 J > cap 5.83 J (would exhaust the budget before the horizon),,,,,,5.826135699999867,,,,,,,0
10.0,200.0,7.5,20,2.6666666666666665,32.9808,0,predicted 32.98 J > cap 5.83 J (would exhaust the budget before the horizon),,,,,,5.826135699999867,,,,,,,0
10.0,200.0,10.0,20,2.0,24.885600000000004,0,predicted 24.89 J > cap 5.83 J (would exhaust the budget before the horizon),,,,,,5.826135699999867,,,,,,,0
10.0,200.0,15.0,20,1.3333333333333333,16.7904,0,predicted 16.79 J > cap 5.83 J (would exhaust the budget before the horizon),,,,,,5.826135699999867,,,,,,,0
10.0,200.0,20.0,20,1.0,12.7428,0,predicted 12.74 J > cap 5.83 J (would exhaust the budget before the horizon),,,,,,5.826135699999867,,,,,,,0
10.0,200.0,30.0,20,0.6666666666666666,8.6952,0,predicted 8.70 J > cap 5.83 J (would exhaust the budget before the horizon),,,,,,5.826135699999867,,,,,,,0
20.0,2.0,0.5,10,20.0,6.263999999999999,0,predicted 6.26 J > cap 5.83 J (would exhaust the budget before the horizon),,,,,,5.826135699999867,,,,,,,0
20.0,5.0,0.5,10,20.0,9.864000000000003,0,predicted 9.86 J > cap 5.83 J (would exhaust the budget before the horizon),,,,,,5.826135699999867,,,,,,,0
20.0,10.0,0.5,10,20.0,15.864,0,predicted 15.86 J > cap 5.83 J (would exhaust the budget before the horizon),,,,,,5.826135699999867,,,,,,,0
20.0,10.0,1.0,10,10.0,8.232000000000001,0,predicted 8.23 J > cap 5.83 J (would exhaust the budget before the horizon),,,,,,5.826135699999867,,,,,,,0
20.0,20.0,0.5,10,20.0,27.863999999999997,0,predicted 27.86 J > cap 5.83 J (would exhaust the budget before the horizon),,,,,,5.826135699999867,,,,,,,0
20.0,20.0,1.0,10,10.0,14.231999999999998,0,predicted 14.23 J > cap 5.83 J (would exhaust the budget before the horizon),,,,,,5.826135699999867,,,,,,,0
20.0,20.0,2.0,10,5.0,7.415999999999999,0,predicted 7.42 J > cap 5.83 J (would exhaust the budget before the horizon),,,,,,5.826135699999867,,,,,,,0
20.0,50.0,0.5,10,20.0,63.86400000000001,0,predicted 63.86 J > cap 5.83 J (would exhaust the budget before the horizon),,,,,,5.826135699999867,,,,,,,0
20.0,50.0,1.0,10,10.0,32.232000000000006,0,predicted 32.23 J > cap 5.83 J (would exhaust the budget before the horizon),,,,,,5.826135699999867,,,,,,,0
20.0,50.0,2.0,10,5.0,16.416000000000004,0,predicted 16.42 J > cap 5.83 J (would exhaust the budget before the horizon),,,,,,5.826135699999867,,,,,,,0
20.0,50.0,3.0,10,3.3333333333333335,11.144000000000002,0,predicted 11.14 J > cap 5.83 J (would exhaust the budget before the horizon),,,,,,5.826135699999867,,,,,,,0
20.0,50.0,5.0,10,2.0,6.926400000000001,0,predicted 6.93 J > cap 5.83 J (would exhaust the budget before the horizon),,,,,,5.826135699999867,,,,,,,0
20.0,100.0,0.5,10,20.0,123.864,0,predicted 123.86 J > cap 5.83 J (would exhaust the budget before the horizon),,,,,,5.826135699999867,,,,,,,0
20.0,100.0,1.0,10,10.0,62.232000000000006,0,predicted 62.23 J > cap 5.83 J (would exhaust the budget before the horizon),,,,,,5.826135699999867,,,,,,,0
20.0,100.0,2.0,10,5.0,31.416000000000004,0,predicted 31.42 J > cap 5.83 J (would exhaust the budget before the horizon),,,,,,5.826135699999867,,,,,,,0
20.0,100.0,3.0,10,3.3333333333333335,21.144000000000005,0,predicted 21.14 J > cap 5.83 J (would exhaust the budget before the horizon),,,,,,5.826135699999867,,,,,,,0
20.0,100.0,5.0,10,2.0,12.926400000000001,0,predicted 12.93 J > cap 5.83 J (would exhaust the budget before the horizon),,,,,,5.826135699999867,,,,,,,0
20.0,100.0,7.5,10,1.3333333333333333,8.8176,0,predicted 8.82 J > cap 5.83 J (would exhaust the budget before the horizon),,,,,,5.826135699999867,,,,,,,0
20.0,100.0,10.0,10,1.0,6.7632,0,predicted 6.76 J > cap 5.83 J (would exhaust the budget before the horizon),,,,,,5.826135699999867,,,,,,,0
20.0,200.0,0.5,10,20.0,243.864,0,predicted 243.86 J > cap 5.83 J (would exhaust the budget before the horizon),,,,,,5.826135699999867,,,,,,,0
20.0,200.0,1.0,10,10.0,122.232,0,predicted 122.23 J > cap 5.83 J (would exhaust the budget before the horizon),,,,,,5.826135699999867,,,,,,,0
20.0,200.0,2.0,10,5.0,61.416000000000004,0,predicted 61.42 J > cap 5.83 J (would exhaust the budget before the horizon),,,,,,5.826135699999867,,,,,,,0
20.0,200.0,3.0,10,3.3333333333333335,41.144000000000005,0,predicted 41.14 J > cap 5.83 J (would exhaust the budget before the horizon),,,,,,5.826135699999867,,,,,,,0
20.0,200.0,5.0,10,2.0,24.9264,0,predicted 24.93 J > cap 5.83 J (would exhaust the budget before the horizon),,,,,,5.826135699999867,,,,,,,0
20.0,200.0,7.5,10,1.3333333333333333,16.817600000000002,0,predicted 16.82 J > cap 5.83 J (would exhaust the budget before the horizon),,,,,,5.826135699999867,,,,,,,0
20.0,200.0,10.0,10,1.0,12.7632,0,predicted 12.76 J > cap 5.83 J (would exhaust the budget before the horizon),,,,,,5.826135699999867,,,,,,,0
20.0,200.0,15.0,10,0.6666666666666666,8.7088,0,predicted 8.71 J > cap 5.83 J (would exhaust the budget before the horizon),,,,,,5.826135699999867,,,,,,,0
20.0,200.0,20.0,10,0.5,6.6815999999999995,0,predicted 6.68 J > cap 5.83 J (would exhaust the budget before the horizon),,,,,,5.826135699999867,,,,,,,0
